ベンダ,GRAPHTEC Corporation,,,,,,,,,,,,,
モデル,GL240,,,,,,,,,,,,,
ファームウェア,Ver1.54,,,,,,,,,,,,,
ソフトウェア," ""Ver1.25""",,,,,,,,,,,,,
最大CH数,10CH,,,,,,,,,,,,,
GS開始CH,,,,,,,,,,,,,,
WL開始CH,10CH,,,,,,,,,,,,,
測定間隔,10min,,,,,,,,,,,,,
測定点数,893,,,,,,,,,,,,,
トリガ点,0,,,,,,,,,,,,,
開始時刻,2025/10/21,11:41:59,,,,,,,,,,,,
終了時刻,2025/10/27,16:22:08,,,,,,,,,,,,
トリガ時刻,2025/10/21,11:42:08,,,,,,,,,,,,
AC Mode, AC1_2, AC1_2,,,,,,,,,,,,
Logic/Pulse,Off,Off,,,,,,,,,,,,
アンプ設定,,,,,,,,,,,,,,
CH,信号名,アンプ,入力,レンジ,温度レンジ,フィルタ,スパン,,単位,,,,,
CH1,CH 1,M,DC,1-5V,,20,80,-20,゜C,,,,,
CH2,CH 2,M,DC,1-5V,,20,100,0,%,,,,,
CH3,CH 3,M,DC,2V,,20,40,-60,゜C,,,,,
CH4,CH 4,M,DC,2V,,20,50,-50,%,,,,,
CH5,CH 5,M,DC,100mV,,20,1250,-1250,W/m2,,,,,
CH6,CH 6,M,DC,100V,,20,50,-50,V,,,,,
CH7,CH 7,M,DC,100V,,20,50,-50,V,,,,,
CH8,CH 8,M,DC,100V,,20,50,-50,V,,,,,
CH9,CH 9,M,DC,100V,,20,50,-50,V,,,,,
CH10,CH10,M,DC,100V,,20,70,-30,V,,,,,
測定値,,,,,,,,,,,,,,
番号,日付 時間,ms,CH1,CH2,CH3,CH4,CH5,CH6,CH7,CH8,CH9,CH10,Alarm1,AlarmOut
NO.,Time,ms,゜C,%,゜C,%,W/m2,V,V,V,V,V,A1234567890,A123456789
1,2025/10/21 11:42,000,19.294,72.275,20.695,21.09,32.1,0,0,0,-0.01,0.01,LLLLLLLLLL,LLLLL
2,2025/10/21 11:52,000,19.25,72.563,20.745,21.08,46.1,0,0,0,0,0,LLLLLLLLLL,LLLLL
3,2025/10/21 12:02,000,19.456,72.506,20.89,21.06,38.4,0,0,0,0,0,LLLLLLLLLL,LLLLL
4,2025/10/21 12:12,000,19.531,72.569,20.975,21.09,51.2,-0.01,-0.01,-0.01,-0.01,-0.01,LLLLLLLLLL,LLLLL
5,2025/10/21 12:22,000,19.888,72.194,21.14,21.09,55.4,0,0,0,0,0,LLLLLLLLLL,LLLLL
6,2025/10/21 12:32,000,20.3,64.987,21.335,21.15,37.1,0,0,0,0,0,LLLLLLLLLL,LLLLL
7,2025/10/21 12:42,000,20.187,64.906,21.42,21.1,45.4,0,0,0,0,0,LLLLLLLLLL,LLLLL
8,2025/10/21 12:52,000,20.187,64.775,21.54,21.11,38.9,0,0,0,0,0,LLLLLLLLLL,LLLLL
9,2025/10/21 13:02,000,20.038,64.85,21.62,21.1,32.9,0,0,0,0,0,LLLLLLLLLL,LLLLL
10,2025/10/21 13:12,000,19.963,64.931,21.66,21.1,52.2,0,0,0,0,0,LLLLLLLLLL,LLLLL
11,2025/10/21 13:22,000,20.225,64.881,21.81,21.19,32.6,0,0,0,0,0,LLLLLLLLLL,LLLLL
12,2025/10/21 13:32,000,20.119,64.881,21.865,21.21,39.9,0,0,0,-0.01,-0.01,LLLLLLLLLL,LLLLL
13,2025/10/21 13:42,000,20.031,64.794,21.93,21.19,41.8,0,0,0,0,0,LLLLLLLLLL,LLLLL
14,2025/10/21 13:52,000,20.075,64.719,21.935,21.21,34.4,0,0,0,0,0,LLLLLLLLLL,LLLLL
15,2025/10/21 14:02,000,19.781,64.419,21.98,21.32,24.8,0,0,0,0,0,LLLLLLLLLL,LLLLL
16,2025/10/21 14:12,000,19.3,64.581,21.87,21.24,25.1,0,0,0,0,0,LLLLLLLLLL,LLLLL
17,2025/10/21 14:22,000,18.981,64.844,21.815,21.27,31.5,0,0,0,0,0,LLLLLLLLLL,LLLLL
18,2025/10/21 14:32,000,18.987,65.031,21.775,21.32,27.9,0,0,0,0,0,LLLLLLLLLL,LLLLL
19,2025/10/21 14:42,000,19.081,65.044,21.725,21.33,19.5,0,0,0,0,0,LLLLLLLLLL,LLLLL
20,2025/10/21 14:52,000,19.019,65.794,21.65,21.41,17.4,0,0,0,0,0,LLLLLLLLLL,LLLLL
21,2025/10/21 15:02,000,18.813,66.812,21.605,21.4,14.8,0,0,0,0,0,LLLLLLLLLL,LLLLL
22,2025/10/21 15:12,000,18.569,67.263,21.57,21.54,16.1,-0.01,-0.01,-0.01,-0.01,-0.01,LLLLLLLLLL,LLLLL
23,2025/10/21 15:22,000,18.269,67.562,21.45,21.47,15.9,0,0,0,0,0,LLLLLLLLLL,LLLLL
24,2025/10/21 15:32,000,18.031,67.888,21.39,21.49,14.1,0,0,0,0,0,LLLLLLLLLL,LLLLL
25,2025/10/21 15:42,000,17.775,67.931,21.305,21.46,11.8,-0.01,-0.01,-0.01,-0.01,-0.01,LLLLLLLLLL,LLLLL
26,2025/10/21 15:52,000,17.356,67.981,21.16,21.45,10,0,0,0,0,0,LLLLLLLLLL,LLLLL
27,2025/10/21 16:02,000,17,68.238,21.005,21.46,10.4,0,-0.01,0,-0.01,0,LLLLLLLLLL,LLLLL
28,2025/10/21 16:12,000,16.819,69.125,20.915,21.49,10.4,0,0,0.01,0.01,0,LLLLLLLLLL,LLLLL
29,2025/10/21 16:22,000,16.575,68.531,20.77,21.44,9.2,0,-0.01,0,0,0,LLLLLLLLLL,LLLLL
30,2025/10/21 16:32,000,16.375,68.794,20.68,21.46,5.6,0,0,0,0,0,LLLLLLLLLL,LLLLL
31,2025/10/21 16:42,000,16.244,69.65,20.53,21.39,2.6,0,0,-0.01,0,-0.01,LLLLLLLLLL,LLLLL
32,2025/10/21 16:52,000,16.075,74.875,20.42,21.4,2,0,0,0.01,0.01,0.01,LLLLLLLLLL,LLLLL
33,2025/10/21 17:02,000,15.956,75.4,20.315,21.38,0.4,0,0,-0.01,0,0,LLLLLLLLLL,LLLLL
34,2025/10/21 17:12,000,15.869,75.744,20.185,21.21,0.1,0.01,0.01,0.01,0.01,0.01,LLLLLLLLLL,LLLLL
35,2025/10/21 17:22,000,15.806,76.119,20.115,21.23,0.1,0,0,0,0,0,LLLLLLLLLL,LLLLL
36,2025/10/21 17:32,000,15.7,76.231,19.99,21.22,-0.2,0,0,0,0,0,LLLLLLLLLL,LLLLL
37,2025/10/21 17:42,000,15.594,76.4,19.91,21.22,0,0,0,0,0,0,LLLLLLLLLL,LLLLL
38,2025/10/21 17:52,000,15.506,76.494,19.785,21.37,0,0.01,0.01,0.01,0.01,0.01,LLLLLLLLLL,LLLLL
39,2025/10/21 18:02,000,15.388,76.412,19.705,21.38,0.1,0,0,0,0,0,LLLLLLLLLL,LLLLL
40,2025/10/21 18:12,000,15.225,76.437,19.625,21.33,0.1,-0.01,0,-0.01,-0.01,-0.01,LLLLLLLLLL,LLLLL
41,2025/10/21 18:22,000,15.144,76.525,19.51,21.21,0.1,0,0,0,0,0,LLLLLLLLLL,LLLLL
42,2025/10/21 18:32,000,15.138,76.644,19.425,21.21,0.1,0,0,0,0,0,LLLLLLLLLL,LLLLL
43,2025/10/21 18:42,000,15.075,76.7,19.305,21.14,0.1,-0.01,-0.01,-0.01,-0.01,-0.01,LLLLLLLLLL,LLLLL
44,2025/10/21 18:52,000,15.006,76.719,19.225,21.1,0.1,-0.01,-0.01,-0.01,-0.01,-0.01,LLLLLLLLLL,LLLLL
45,2025/10/21 19:02,000,14.994,76.894,19.125,21.05,0.1,0,0,0,0,0,LLLLLLLLLL,LLLLL
46,2025/10/21 19:12,000,14.913,76.775,19.06,21.05,0.1,0,0,0,0,0,LLLLLLLLLL,LLLLL
47,2025/10/21 19:22,000,14.806,76.812,18.95,21.05,0.1,0,0,0,0,0.01,LLLLLLLLLL,LLLLL
48,2025/10/21 19:32,000,14.806,76.925,18.905,21.05,0.1,-0.01,-0.01,-0.01,-0.01,0,LLLLLLLLLL,LLLLL
49,2025/10/21 19:42,000,14.781,76.956,18.82,21.05,0,0.01,0,0,0,0,LLLLLLLLLL,LLLLL
50,2025/10/21 19:52,000,14.694,76.794,18.74,21.05,0,0,0,0,0,0,LLLLLLLLLL,LLLLL
51,2025/10/21 20:02,000,14.581,76.625,18.695,21.04,0.1,0,0,0,0,0,LLLLLLLLLL,LLLLL
52,2025/10/21 20:12,000,14.469,76.569,18.62,20.97,0,-0.01,0,-0.01,-0.01,-0.01,LLLLLLLLLL,LLLLL
53,2025/10/21 20:22,000,14.4,76.556,18.535,20.97,0.2,0,0,0,0,0,LLLLLLLLLL,LLLLL
54,2025/10/21 20:32,000,14.35,76.513,18.46,20.97,0,-0.01,-0.01,-0.01,-0.01,0,LLLLLLLLLL,LLLLL
55,2025/10/21 20:42,000,14.288,76.494,18.42,20.97,0.1,0,0,-0.01,0,0,LLLLLLLLLL,LLLLL
56,2025/10/21 20:52,000,14.262,76.594,18.305,20.97,0,0,-0.01,-0.01,-0.01,-0.01,LLLLLLLLLL,LLLLL
57,2025/10/21 21:02,000,14.262,76.569,18.25,20.97,0,0.01,0.01,0,0,0,LLLLLLLLLL,LLLLL
58,2025/10/21 21:12,000,14.244,76.706,18.18,20.97,0,0.01,0,0,0.01,0,LLLLLLLLLL,LLLLL
59,2025/10/21 21:22,000,14.231,76.731,18.095,20.96,0.1,-0.01,0,-0.01,-0.01,-0.01,LLLLLLLLLL,LLLLL
60,2025/10/21 21:32,000,14.2,76.65,18.055,20.96,0.1,0,0.01,0.01,0.01,0,LLLLLLLLLL,LLLLL
61,2025/10/21 21:42,000,14.169,76.531,17.98,20.98,0,-0.01,-0.01,-0.01,-0.01,0,LLLLLLLLLL,LLLLL
62,2025/10/21 21:52,000,14.144,76.525,17.9,20.98,0.1,-0.01,0,-0.01,-0.01,-0.01,LLLLLLLLLL,LLLLL
63,2025/10/21 22:02,000,14.125,76.456,17.86,20.97,0.1,0,0.01,0,0,0,LLLLLLLLLL,LLLLL
64,2025/10/21 22:12,000,14.069,76.388,17.795,20.97,0.1,0.01,0,0,0,0.01,LLLLLLLLLL,LLLLL
65,2025/10/21 22:22,000,14.025,76.469,17.695,20.97,0,0,-0.01,0,-0.01,-0.01,LLLLLLLLLL,LLLLL
66,2025/10/21 22:32,000,14.025,76.544,17.655,20.97,0,0.01,0.01,0,0.01,0,LLLLLLLLLL,LLLLL
67,2025/10/21 22:42,000,13.981,76.406,17.615,20.89,0.1,0,-0.01,0,-0.01,-0.01,LLLLLLLLLL,LLLLL
68,2025/10/21 22:52,000,13.925,76.394,17.57,20.95,0,0.01,0,0.01,0.01,0,LLLLLLLLLL,LLLLL
69,2025/10/21 23:02,000,13.913,76.456,17.49,20.87,0.1,0.01,0,0,0,0.01,LLLLLLLLLL,LLLLL
70,2025/10/21 23:12,000,13.894,76.425,17.45,20.89,0,-0.01,0,0,0,-0.01,LLLLLLLLLL,LLLLL
71,2025/10/21 23:22,000,13.844,76.306,17.41,20.96,0.1,0,0,0,-0.01,0,LLLLLLLLLL,LLLLL
72,2025/10/21 23:32,000,13.794,76.244,17.295,20.97,0,0,0,0,0,0.01,LLLLLLLLLL,LLLLL
73,2025/10/21 23:42,000,13.763,76.194,17.255,20.89,0,0,0,-0.01,-0.01,-0.01,LLLLLLLLLL,LLLLL
74,2025/10/21 23:52,000,13.812,76.394,17.215,20.88,0.1,-0.01,-0.01,0,0,0,LLLLLLLLLL,LLLLL
75,2025/10/22 0:02,000,13.806,76.381,17.17,20.89,0,-0.01,0,0,-0.01,0,LLLLLLLLLL,LLLLL
76,2025/10/22 0:12,000,13.831,76.562,17.095,20.82,0,0.01,0,0,0.01,0,LLLLLLLLLL,LLLLL
77,2025/10/22 0:22,000,13.825,76.6,17.055,20.78,0,0,-0.01,0,-0.01,-0.01,LLLLLLLLLL,LLLLL
78,2025/10/22 0:32,000,13.725,76.337,17.045,20.76,0,0,0,0,-0.01,0,LLLLLLLLLL,LLLLL
79,2025/10/22 0:42,000,13.606,76.169,17.015,20.73,0.1,0,0,0,0,-0.01,LLLLLLLLLL,LLLLL
80,2025/10/22 0:52,000,13.575,76.225,16.965,20.79,0,-0.01,0,-0.01,-0.01,-0.01,LLLLLLLLLL,LLLLL
81,2025/10/22 1:02,000,13.612,76.188,16.895,20.81,0,-0.01,0,-0.01,0,0,LLLLLLLLLL,LLLLL
82,2025/10/22 1:12,000,13.619,76.25,16.845,20.72,0.1,0,0,-0.01,-0.01,-0.01,LLLLLLLLLL,LLLLL
83,2025/10/22 1:22,000,13.687,76.431,16.815,20.73,0,0.01,0.01,0.01,0,0.01,LLLLLLLLLL,LLLLL
84,2025/10/22 1:32,000,13.706,76.531,16.815,20.73,0,0,-0.01,0,-0.01,-0.01,LLLLLLLLLL,LLLLL
85,2025/10/22 1:42,000,13.675,76.4,16.765,20.72,0.1,0.01,0.01,0.01,0,0.01,LLLLLLLLLL,LLLLL
86,2025/10/22 1:52,000,13.725,76.681,16.735,20.73,0,-0.01,-0.01,0,0,0,LLLLLLLLLL,LLLLL
87,2025/10/22 2:02,000,13.681,76.525,16.725,20.72,0,0,0,0,0,0,LLLLLLLLLL,LLLLL
88,2025/10/22 2:12,000,13.675,76.644,16.65,20.73,0,0,0,0,0,0,LLLLLLLLLL,LLLLL
89,2025/10/22 2:22,000,13.863,76.575,16.63,20.72,0,0,0,0,-0.01,0,LLLLLLLLLL,LLLLL
90,2025/10/22 2:32,000,14.044,76.419,16.61,20.72,0,0.01,0,0.01,0.01,0,LLLLLLLLLL,LLLLL
91,2025/10/22 2:42,000,14.169,76.319,16.575,20.73,0.1,0,-0.01,-0.01,-0.01,0,LLLLLLLLLL,LLLLL
92,2025/10/22 2:52,000,14.262,76.212,16.57,20.71,0,-0.01,-0.01,0,0,0,LLLLLLLLLL,LLLLL
93,2025/10/22 3:02,000,14.312,76.081,16.53,20.73,-0.2,-0.01,0,0,0,0,LLLLLLLLLL,LLLLL
94,2025/10/22 3:12,000,14.312,75.969,16.445,20.71,0.1,0.01,0.01,0.01,0.01,0.01,LLLLLLLLLL,LLLLL
95,2025/10/22 3:22,000,14.281,75.844,16.405,20.72,0,0,0,0,0,0,LLLLLLLLLL,LLLLL
96,2025/10/22 3:32,000,14.194,75.644,16.37,20.73,0,0,0,0,0,0,LLLLLLLLLL,LLLLL
97,2025/10/22 3:42,000,14.113,75.513,16.33,20.72,0.1,0.01,0.01,0.01,0.01,0.01,LLLLLLLLLL,LLLLL
98,2025/10/22 3:52,000,14.069,75.469,16.255,20.72,0,0,-0.01,0,0,0,LLLLLLLLLL,LLLLL
99,2025/10/22 4:02,000,14.025,75.375,16.21,20.71,0.1,0.01,0.01,0.01,0.01,0.01,LLLLLLLLLL,LLLLL
100,2025/10/22 4:12,000,13.956,75.306,16.205,20.72,0.1,0,0,0,0,0,LLLLLLLLLL,LLLLL
101,2025/10/22 4:22,000,13.913,75.294,16.16,20.72,0.1,0,-0.01,0,0,0,LLLLLLLLLL,LLLLL
102,2025/10/22 4:32,000,13.844,75.256,16.13,20.72,0,-0.01,0,0,0,0,LLLLLLLLLL,LLLLL
103,2025/10/22 4:42,000,13.769,75.2,16.045,20.69,0,-0.01,-0.01,-0.01,-0.01,-0.01,LLLLLLLLLL,LLLLL
104,2025/10/22 4:52,000,13.706,75.175,16.01,20.7,0,0.01,0.01,0.01,0.01,0,LLLLLLLLLL,LLLLL
105,2025/10/22 5:02,000,13.644,75.113,15.965,20.67,0.2,0,0,0,0,0,LLLLLLLLLL,LLLLL
106,2025/10/22 5:12,000,13.563,75.175,15.925,20.67,0.1,0,0,0,0,0,LLLLLLLLLL,LLLLL
107,2025/10/22 5:22,000,13.513,75.2,15.855,20.63,0.1,-0.01,-0.01,-0.01,-0.01,-0.01,LLLLLLLLLL,LLLLL
108,2025/10/22 5:32,000,13.463,75.231,15.81,20.64,0,0,0,0,0,0,LLLLLLLLLL,LLLLL
109,2025/10/22 5:42,000,13.413,75.237,15.795,20.63,0.1,0,0,0,0,0,LLLLLLLLLL,LLLLL
110,2025/10/22 5:52,000,13.319,75.194,15.75,20.62,0.1,0,0,0,0,0,LLLLLLLLLL,LLLLL
111,2025/10/22 6:02,000,13.269,75.225,15.72,20.64,0.4,0,0,0,0,0,LLLLLLLLLL,LLLLL
112,2025/10/22 6:12,000,13.194,75.225,15.63,20.63,1,0,0,0,0,0,LLLLLLLLLL,LLLLL
113,2025/10/22 6:22,000,13.15,75.275,15.605,20.63,2.5,0,0,0,0,0,LLLLLLLLLL,LLLLL
114,2025/10/22 6:32,000,13.144,75.331,15.56,20.62,2.5,0,0,0,0,0,LLLLLLLLLL,LLLLL
115,2025/10/22 6:42,000,13.137,75.356,15.525,20.6,3.4,-0.01,-0.01,-0.01,-0.01,-0.01,LLLLLLLLLL,LLLLL
116,2025/10/22 6:52,000,13.131,75.4,15.51,20.63,3.8,0,0,0,0,0,LLLLLLLLLL,LLLLL
117,2025/10/22 7:02,000,13.175,75.412,15.485,20.6,3.2,0,0,0,0,0,LLLLLLLLLL,LLLLL
118,2025/10/22 7:12,000,13.169,75.431,15.43,20.58,5.5,0,0,0,0,0,LLLLLLLLLL,LLLLL
119,2025/10/22 7:22,000,13.15,75.494,15.4,20.56,10.9,-0.01,-0.01,-0.01,-0.01,-0.01,LLLLLLLLLL,LLLLL
120,2025/10/22 7:32,000,13.219,75.625,15.41,20.56,10.8,0,0,0,0,0,LLLLLLLLLL,LLLLL
121,2025/10/22 7:42,000,13.344,75.7,15.42,20.57,8.2,0,0,0,0,0,LLLLLLLLLL,LLLLL
122,2025/10/22 7:52,000,13.456,75.763,15.49,20.6,15.8,-0.01,-0.01,-0.01,-0.01,-0.01,LLLLLLLLLL,LLLLL
123,2025/10/22 8:02,000,13.606,75.806,15.49,20.56,21.5,0.01,0.01,0.01,0.01,0.01,LLLLLLLLLL,LLLLL
124,2025/10/22 8:12,000,13.794,75.894,15.535,20.6,15.1,0,0,0,0,0,LLLLLLLLLL,LLLLL
125,2025/10/22 8:22,000,13.475,75.988,15.57,20.6,21,0,0,0,0,0,LLLLLLLLLL,LLLLL
126,2025/10/22 8:32,000,13.494,76.269,15.615,20.63,34.2,0.01,0.01,0.01,0.01,0.01,LLLLLLLLLL,LLLLL
127,2025/10/22 8:42,000,13.781,76.094,15.735,20.65,31.1,0,0,0,0,0,LLLLLLLLLL,LLLLL
128,2025/10/22 8:52,000,14.056,76.025,15.815,20.65,32.4,0,0,0,-0.01,0,LLLLLLLLLL,LLLLL
129,2025/10/22 9:02,000,14.394,75.881,15.935,20.66,28.8,0,0,0,0,0,LLLLLLLLLL,LLLLL
130,2025/10/22 9:12,000,14.55,75.625,16.015,20.66,24.4,-0.01,-0.01,-0.01,0,0,LLLLLLLLLL,LLLLL
131,2025/10/22 9:22,000,14.594,75.519,16.08,20.66,24.5,-0.01,-0.01,-0.01,-0.01,-0.01,LLLLLLLLLL,LLLLL
132,2025/10/22 9:32,000,14.619,75.463,16.18,20.67,23.8,0,0.01,0.01,0,0,LLLLLLLLLL,LLLLL
133,2025/10/22 9:42,000,14.656,75.544,16.22,20.74,32.6,-0.01,-0.01,-0.01,0,-0.01,LLLLLLLLLL,LLLLL
134,2025/10/22 9:52,000,14.85,75.519,16.34,20.74,39.2,0,0.01,0,0,0,LLLLLLLLLL,LLLLL
135,2025/10/22 10:02,000,15.181,75.362,16.42,20.67,31.9,-0.01,-0.01,-0.01,-0.01,-0.01,LLLLLLLLLL,LLLLL
136,2025/10/22 10:12,000,15.275,75.05,16.54,20.67,33.6,0,-0.01,-0.01,-0.01,-0.01,LLLLLLLLLL,LLLLL
137,2025/10/22 10:22,000,15.362,74.944,16.62,20.67,34.6,0,0,0,0,0,LLLLLLLLLL,LLLLL
138,2025/10/22 10:32,000,15.462,74.425,16.745,20.65,42.8,0,0,0,0,0,LLLLLLLLLL,LLLLL
139,2025/10/22 10:42,000,15.7,74.437,16.825,20.64,37.2,0,0,0,0,0,LLLLLLLLLL,LLLLL
140,2025/10/22 10:52,000,15.906,74.256,16.91,20.65,35.1,0.01,0.01,0.01,0.01,0.01,LLLLLLLLLL,LLLLL
141,2025/10/22 11:02,000,15.944,74.181,17.045,20.67,28,0,0,0,0,0,LLLLLLLLLL,LLLLL
142,2025/10/22 11:12,000,15.925,74.181,17.11,20.67,25.9,0,0,-0.01,0,0,LLLLLLLLLL,LLLLL
143,2025/10/22 11:22,000,15.962,74.437,17.19,20.67,21.2,0,0,0,0,0,LLLLLLLLLL,LLLLL
144,2025/10/22 11:32,000,15.856,74.288,17.265,20.67,19.6,0,0,0,0,0,LLLLLLLLLL,LLLLL
145,2025/10/22 11:42,000,15.737,74.419,17.295,20.67,18.1,0,0,0,0,0,LLLLLLLLLL,LLLLL
146,2025/10/22 11:52,000,15.55,74.413,17.31,20.67,16.6,0,0,0,0,0,LLLLLLLLLL,LLLLL
147,2025/10/22 12:02,000,15.294,74.406,17.305,20.67,17.4,0.01,0.01,0.01,0.01,0.01,LLLLLLLLLL,LLLLL
148,2025/10/22 12:12,000,15.05,74.431,17.37,20.68,11.8,0,0,0,0,0,LLLLLLLLLL,LLLLL
149,2025/10/22 12:22,000,14.806,74.763,17.305,20.66,13.6,0,0,0,0,0,LLLLLLLLLL,LLLLL
150,2025/10/22 12:32,000,14.6,75.006,17.3,20.67,15.6,-0.01,-0.01,-0.01,-0.01,-0.01,LLLLLLLLLL,LLLLL
151,2025/10/22 12:42,000,14.425,75.231,17.3,20.66,13.9,-0.01,-0.01,-0.01,-0.01,-0.01,LLLLLLLLLL,LLLLL
152,2025/10/22 12:52,000,14.356,75.469,17.295,20.66,14.5,-0.01,-0.01,-0.01,0,0,LLLLLLLLLL,LLLLL
153,2025/10/22 13:02,000,14.231,75.369,17.26,20.66,14.1,-0.01,0,0,-0.01,-0.01,LLLLLLLLLL,LLLLL
154,2025/10/22 13:12,000,14.094,75.381,17.255,20.64,11.5,0.01,0.01,0,0,0,LLLLLLLLLL,LLLLL
155,2025/10/22 13:22,000,13.937,75.406,17.21,20.65,13,0.01,0.01,0.01,0.01,0,LLLLLLLLLL,LLLLL
156,2025/10/22 13:32,000,13.75,75.513,17.19,20.65,14.5,0,0,0,0,0,LLLLLLLLLL,LLLLL
157,2025/10/22 13:42,000,13.731,75.731,17.175,20.65,13.6,0,0,0,0,0,LLLLLLLLLL,LLLLL
158,2025/10/22 13:52,000,13.794,75.85,17.175,20.65,13.4,0,0,0,0,0,LLLLLLLLLL,LLLLL
159,2025/10/22 14:02,000,13.894,75.981,17.105,20.65,13.1,0,0,0,-0.01,0,LLLLLLLLLL,LLLLL
160,2025/10/22 14:12,000,13.825,75.944,17.09,20.67,12.5,0,0,0,0,0,LLLLLLLLLL,LLLLL
161,2025/10/22 14:22,000,13.869,76.131,17.085,20.64,12.4,0,0,0,0,0,LLLLLLLLLL,LLLLL
162,2025/10/22 14:32,000,13.95,76.269,17.055,20.67,9.9,0,0,0,0,0,LLLLLLLLLL,LLLLL
163,2025/10/22 14:42,000,14.019,76.362,17.055,20.73,11.6,0,0,0,0,0,LLLLLLLLLL,LLLLL
164,2025/10/22 14:52,000,14.075,76.394,17.055,20.72,12.1,0,0,0,0,0,LLLLLLLLLL,LLLLL
165,2025/10/22 15:02,000,14.094,76.406,17.05,20.71,11.1,0.01,0,0.01,0.01,0.01,LLLLLLLLLL,LLLLL
166,2025/10/22 15:12,000,14.1,76.419,17.02,20.64,10.6,0,0,0,0,0,LLLLLLLLLL,LLLLL
167,2025/10/22 15:22,000,14.063,76.406,17.02,20.66,7.5,-0.01,0,0,0,0,LLLLLLLLLL,LLLLL
168,2025/10/22 15:32,000,13.988,76.406,17,20.71,9.5,0,0,0,0,0,LLLLLLLLLL,LLLLL
169,2025/10/22 15:42,000,13.869,76.206,16.975,20.66,5.8,0,0,0,0,0,LLLLLLLLLL,LLLLL
170,2025/10/22 15:52,000,13.712,76.25,16.95,20.64,5.1,0,-0.01,0,0,0,LLLLLLLLLL,LLLLL
171,2025/10/22 16:02,000,13.606,76.35,16.895,20.65,5.8,0.01,0.01,0.01,0.01,0.01,LLLLLLLLLL,LLLLL
172,2025/10/22 16:12,000,13.45,76.412,16.855,20.64,4.4,0,0,0,0,0,LLLLLLLLLL,LLLLL
173,2025/10/22 16:22,000,13.337,76.469,16.815,20.65,3.4,0.01,0.01,0.01,0.01,0.01,LLLLLLLLLL,LLLLL
174,2025/10/22 16:32,000,13.125,76.425,16.735,20.64,2.6,0,0,0,0,0,LLLLLLLLLL,LLLLL
175,2025/10/22 16:42,000,12.988,76.663,16.65,20.64,1,-0.01,-0.01,-0.01,-0.01,-0.01,LLLLLLLLLL,LLLLL
176,2025/10/22 16:52,000,12.875,76.756,16.605,20.65,0.4,0,0,0,0,0,LLLLLLLLLL,LLLLL
177,2025/10/22 17:02,000,12.788,76.894,16.545,20.64,0.1,0,0,0,0,0,LLLLLLLLLL,LLLLL
178,2025/10/22 17:12,000,12.719,77.044,16.445,20.64,0.1,0,0,0,0,0,LLLLLLLLLL,LLLLL
179,2025/10/22 17:22,000,12.637,77.15,16.405,20.63,0.1,0,0,0,0,0,LLLLLLLLLL,LLLLL
180,2025/10/22 17:32,000,12.619,77.219,16.365,20.63,0.1,0,0,0,0,0,LLLLLLLLLL,LLLLL
181,2025/10/22 17:42,000,12.581,77.344,16.275,20.61,0.1,0,0,0,0,0,LLLLLLLLLL,LLLLL
182,2025/10/22 17:52,000,12.463,77.125,16.205,20.59,0.1,-0.01,-0.01,-0.01,-0.01,-0.01,LLLLLLLLLL,LLLLL
183,2025/10/22 18:02,000,12.175,77.019,16.16,20.56,0,0,0,0.01,0,0,LLLLLLLLLL,LLLLL
184,2025/10/22 18:12,000,12.175,77.344,16.125,20.55,0,-0.01,-0.01,-0.01,-0.01,-0.01,LLLLLLLLLL,LLLLL
185,2025/10/22 18:22,000,12.187,77.394,16.035,20.55,0.1,0,0,0,0,0,LLLLLLLLLL,LLLLL
186,2025/10/22 18:32,000,12.063,77.356,15.965,20.55,0.1,0,0,0,0,0,LLLLLLLLLL,LLLLL
187,2025/10/22 18:42,000,12.037,77.425,15.925,20.55,0.1,0,0.01,0,0,0,LLLLLLLLLL,LLLLL
188,2025/10/22 18:52,000,11.919,77.337,15.845,20.55,0,0.01,0,0,0,0,LLLLLLLLLL,LLLLL
189,2025/10/22 19:02,000,11.844,77.275,15.805,20.55,0,0,0,0,0,0.01,LLLLLLLLLL,LLLLL
190,2025/10/22 19:12,000,11.837,77.388,15.76,20.55,0.1,0,0.01,0.01,0,0,LLLLLLLLLL,LLLLL
191,2025/10/22 19:22,000,11.756,77.281,15.64,20.55,0,0,0,0,0,0.01,LLLLLLLLLL,LLLLL
192,2025/10/22 19:32,000,11.656,77.3,15.6,20.5,0.1,0.01,0,0,0,0,LLLLLLLLLL,LLLLL
193,2025/10/22 19:42,000,11.656,77.431,15.56,20.53,0,-0.01,0,0,0,-0.01,LLLLLLLLLL,LLLLL
194,2025/10/22 19:52,000,11.681,77.362,15.52,20.49,0,-0.01,-0.01,0,-0.01,-0.01,LLLLLLLLLL,LLLLL
195,2025/10/22 20:02,000,11.663,77.544,15.475,20.53,0.1,-0.01,0,-0.01,-0.01,-0.01,LLLLLLLLLL,LLLLL
196,2025/10/22 20:12,000,11.581,77.263,15.38,20.46,0,0,0,0,0,0,LLLLLLLLLL,LLLLL
197,2025/10/22 20:22,000,11.419,77.394,15.32,20.46,0,-0.01,-0.01,-0.01,-0.01,-0.01,LLLLLLLLLL,LLLLL
198,2025/10/22 20:32,000,11.394,77.412,15.275,20.46,0,0,-0.01,-0.01,-0.01,0,LLLLLLLLLL,LLLLL
199,2025/10/22 20:42,000,11.456,77.531,15.2,20.47,0.1,-0.01,-0.01,-0.01,0,-0.01,LLLLLLLLLL,LLLLL
200,2025/10/22 20:52,000,11.413,77.494,15.16,20.47,0,0,0.01,0,0,0.01,LLLLLLLLLL,LLLLL
201,2025/10/22 21:02,000,11.363,77.381,15.115,20.47,0,0.01,0.01,0,0,0,LLLLLLLLLL,LLLLL
202,2025/10/22 21:12,000,11.337,77.469,15.075,20.45,0,0,-0.01,-0.01,-0.01,0,LLLLLLLLLL,LLLLL
203,2025/10/22 21:22,000,11.319,77.356,15,20.43,0,0,-0.01,-0.01,-0.01,-0.01,LLLLLLLLLL,LLLLL
204,2025/10/22 21:32,000,11.219,77.388,14.955,20.42,0,0,0,0,0.01,0,LLLLLLLLLL,LLLLL
205,2025/10/22 21:42,000,11.275,77.412,14.925,20.36,0.1,0,0.01,0,0.01,0.01,LLLLLLLLLL,LLLLL
206,2025/10/22 21:52,000,11.225,77.506,14.885,20.4,-0.2,-0.01,0,0,0,0,LLLLLLLLLL,LLLLL
207,2025/10/22 22:02,000,11.125,77.381,14.83,20.36,0,0.01,0.01,0.01,0,0.01,LLLLLLLLLL,LLLLL
208,2025/10/22 22:12,000,11.137,77.437,14.78,20.31,0.1,0.01,0,0.01,0,0,LLLLLLLLLL,LLLLL
209,2025/10/22 22:22,000,11.1,77.356,14.75,20.3,0,0,-0.01,0,0,0,LLLLLLLLLL,LLLLL
210,2025/10/22 22:32,000,11.056,77.469,14.69,20.3,0,0,0,0.01,0.01,0,LLLLLLLLLL,LLLLL
211,2025/10/22 22:42,000,11.012,77.356,14.66,20.3,0,0,0,-0.01,0,0,LLLLLLLLLL,LLLLL
212,2025/10/22 22:52,000,10.988,77.35,14.595,20.31,0,0,-0.01,-0.01,0,-0.01,LLLLLLLLLL,LLLLL
213,2025/10/22 23:02,000,10.994,77.356,14.555,20.31,0,0,0,-0.01,0,-0.01,LLLLLLLLLL,LLLLL
214,2025/10/22 23:12,000,10.956,77.281,14.515,20.3,0,-0.01,0,0,-0.01,0,LLLLLLLLLL,LLLLL
215,2025/10/22 23:22,000,10.9,77.106,14.475,20.3,0,0.01,0,0.01,0.01,0.01,LLLLLLLLLL,LLLLL
216,2025/10/22 23:32,000,10.894,77.281,14.395,20.3,-0.2,0,-0.01,0,-0.01,-0.01,LLLLLLLLLL,LLLLL
217,2025/10/22 23:42,000,11,77.437,14.36,20.31,0,0,0,0,0,0,LLLLLLLLLL,LLLLL
218,2025/10/22 23:52,000,11.081,77.469,14.345,20.3,0,0.01,0.01,0.01,0.01,0.01,LLLLLLLLLL,LLLLL
219,2025/10/23 0:02,000,11.025,77.025,14.31,20.31,0,0.01,0,0.01,0,0.01,LLLLLLLLLL,LLLLL
220,2025/10/23 0:12,000,11.056,77.4,14.27,20.3,0,0,0,0,0,0,LLLLLLLLLL,LLLLL
221,2025/10/23 0:22,000,11.025,77.344,14.275,20.3,0.1,0,0,0,0,0,LLLLLLLLLL,LLLLL
222,2025/10/23 0:32,000,11.025,77.287,14.19,20.31,0.1,-0.01,0,0,-0.01,0,LLLLLLLLLL,LLLLL
223,2025/10/23 0:42,000,11.106,77.469,14.18,20.31,0.1,0,0,0,0,0,LLLLLLLLLL,LLLLL
224,2025/10/23 0:52,000,11.069,77.1,14.155,20.3,0,0.01,0.01,0.01,0.01,0.01,LLLLLLLLLL,LLLLL
225,2025/10/23 1:02,000,11.056,77.169,14.155,20.31,0,-0.01,-0.01,0,-0.01,0,LLLLLLLLLL,LLLLL
226,2025/10/23 1:12,000,11.025,77.094,14.115,20.31,0.1,0.01,0.01,0.01,0,0.01,LLLLLLLLLL,LLLLL
227,2025/10/23 1:22,000,11,76.956,14.1,20.31,-0.2,0,0.01,0.01,0.01,0.01,LLLLLLLLLL,LLLLL
228,2025/10/23 1:32,000,10.963,76.856,14.075,20.3,0,0.01,0.01,0.01,0,0,LLLLLLLLLL,LLLLL
229,2025/10/23 1:42,000,10.963,76.95,14.035,20.3,0,0,-0.01,0,0,0,LLLLLLLLLL,LLLLL
230,2025/10/23 1:52,000,10.938,76.8,14.035,20.3,0,-0.01,0,0,0,0,LLLLLLLLLL,LLLLL
231,2025/10/23 2:02,000,10.856,76.844,13.95,20.29,0.1,0,0,0,-0.01,0,LLLLLLLLLL,LLLLL
232,2025/10/23 2:12,000,10.819,76.831,13.945,20.26,0,0,0,0,0,0,LLLLLLLLLL,LLLLL
233,2025/10/23 2:22,000,11,76.713,13.915,20.3,0.1,0,-0.01,0,0,0,LLLLLLLLLL,LLLLL
234,2025/10/23 2:32,000,11.181,76.556,13.87,20.3,0,0,0,0,0,0,LLLLLLLLLL,LLLLL
235,2025/10/23 2:42,000,11.306,76.406,13.825,20.31,0,0.01,0.01,0.01,0,0.01,LLLLLLLLLL,LLLLL
236,2025/10/23 2:52,000,11.356,76.206,13.755,20.3,0.1,-0.01,0,0,0,-0.01,LLLLLLLLLL,LLLLL
237,2025/10/23 3:02,000,11.363,76.038,13.735,20.3,0,-0.01,-0.01,-0.01,-0.01,-0.01,LLLLLLLLLL,LLLLL
238,2025/10/23 3:12,000,11.356,75.894,13.705,20.28,0,0,0,0,0,-0.01,LLLLLLLLLL,LLLLL
239,2025/10/23 3:22,000,11.331,75.819,13.67,20.26,-0.2,0,0,0,0,0,LLLLLLLLLL,LLLLL
240,2025/10/23 3:32,000,11.319,75.731,13.655,20.26,0,0,0,0,0,-0.01,LLLLLLLLLL,LLLLL
241,2025/10/23 3:42,000,11.281,75.675,13.605,20.22,0,0,0,0,0,0,LLLLLLLLLL,LLLLL
242,2025/10/23 3:52,000,11.231,75.631,13.55,20.22,0,0,0,0,0,0,LLLLLLLLLL,LLLLL
243,2025/10/23 4:02,000,11.206,75.606,13.51,20.22,0,0,0,0,0,-0.01,LLLLLLLLLL,LLLLL
244,2025/10/23 4:12,000,11.175,75.569,13.47,20.22,0.1,0.01,0.01,0.01,0.01,0.01,LLLLLLLLLL,LLLLL
245,2025/10/23 4:22,000,11.144,75.569,13.43,20.22,0.1,0.01,0.01,0.01,0.01,0.01,LLLLLLLLLL,LLLLL
246,2025/10/23 4:32,000,11.137,75.562,13.43,20.22,0.1,0,0,0,0,0,LLLLLLLLLL,LLLLL
247,2025/10/23 4:42,000,11.112,75.562,13.345,20.21,0,0,0,0,0,0,LLLLLLLLLL,LLLLL
248,2025/10/23 4:52,000,11.112,75.538,13.31,20.22,0,0,0,0,0,0,LLLLLLLLLL,LLLLL
249,2025/10/23 5:02,000,11.1,75.55,13.27,20.21,0,-0.01,-0.01,-0.01,-0.01,-0.01,LLLLLLLLLL,LLLLL
250,2025/10/23 5:12,000,11.1,75.519,13.265,20.21,0,0,0,0,0,0,LLLLLLLLLL,LLLLL
251,2025/10/23 5:22,000,11.1,75.556,13.23,20.22,0,-0.01,0,0,0,-0.01,LLLLLLLLLL,LLLLL
252,2025/10/23 5:32,000,11.1,75.519,13.23,20.22,0,0,0,0,0,0,LLLLLLLLLL,LLLLL
253,2025/10/23 5:42,000,11.081,75.531,13.15,20.22,0.1,0,0,0,0,0,LLLLLLLLLL,LLLLL
254,2025/10/23 5:52,000,11.087,75.55,13.15,20.22,0.4,0,0,0,0,0,LLLLLLLLLL,LLLLL
255,2025/10/23 6:02,000,11.069,75.556,13.105,20.21,0.8,0,0,0,0,0,LLLLLLLLLL,LLLLL
256,2025/10/23 6:12,000,11.063,75.562,13.1,20.18,2.6,-0.01,-0.01,-0.01,-0.01,-0.01,LLLLLLLLLL,LLLLL
257,2025/10/23 6:22,000,11.069,75.562,13.075,20.17,4.1,0,0,0,0,0,LLLLLLLLLL,LLLLL
258,2025/10/23 6:32,000,11.1,75.612,13.065,20.19,6.9,0,0,0,0,0,LLLLLLLLLL,LLLLL
259,2025/10/23 6:42,000,11.169,75.713,13.075,20.2,10.1,0,0,0,0,0,LLLLLLLLLL,LLLLL
260,2025/10/23 6:52,000,11.294,75.881,13.105,20.2,10.8,0,0,0,0,-0.01,LLLLLLLLLL,LLLLL
261,2025/10/23 7:02,000,11.475,76.019,13.155,20.23,16.6,0,0,0,0,0,LLLLLLLLLL,LLLLL
262,2025/10/23 7:12,000,11.7,76.169,13.235,20.23,19.9,0,0,-0.01,0,0,LLLLLLLLLL,LLLLL
263,2025/10/23 7:22,000,12,76.319,13.295,20.25,31.5,0,0,-0.01,-0.01,0,LLLLLLLLLL,LLLLL
264,2025/10/23 7:32,000,12.375,76.569,13.44,20.25,40.1,-0.01,0,0,-0.01,0,LLLLLLLLLL,LLLLL
265,2025/10/23 7:42,000,12.875,76.863,13.6,20.25,46.2,0.01,0.01,0,0.01,0,LLLLLLLLLL,LLLLL
266,2025/10/23 7:52,000,13.481,77.106,13.795,20.26,40.6,0,0,0,0,0.01,LLLLLLLLLL,LLLLL
267,2025/10/23 8:02,000,14.094,77.069,14.06,20.29,42.8,0,0,0,0.01,0,LLLLLLLLLL,LLLLL
268,2025/10/23 8:12,000,14.656,76.756,14.195,20.34,46,0,0,0,0,0,LLLLLLLLLL,LLLLL
269,2025/10/23 8:22,000,15.1,74.325,14.395,20.36,50.3,0,0,0,0,0,LLLLLLLLLL,LLLLL
270,2025/10/23 8:32,000,15.475,73.312,14.59,20.36,51.5,0,0,-0.01,0,0,LLLLLLLLLL,LLLLL
271,2025/10/23 8:42,000,15.775,72.85,14.78,20.36,54.2,0.01,0,0.01,0,0.01,LLLLLLLLLL,LLLLL
272,2025/10/23 8:52,000,16.05,72.4,14.975,20.37,52.2,-0.01,0,0,-0.01,-0.01,LLLLLLLLLL,LLLLL
273,2025/10/23 9:02,000,16.362,72.156,15.165,20.37,56.1,0.01,0,0,0,0.01,LLLLLLLLLL,LLLLL
274,2025/10/23 9:12,000,16.694,65.4,15.37,20.43,55.4,0,0,0,0.01,0,LLLLLLLLLL,LLLLL
275,2025/10/23 9:22,000,17.013,65.344,15.565,20.53,73.6,0,0,0.01,0,0,LLLLLLLLLL,LLLLL
276,2025/10/23 9:32,000,17.638,65.219,15.8,20.55,72.4,0,0,0,0,0,LLLLLLLLLL,LLLLL
277,2025/10/23 9:42,000,18.356,64.963,16.05,20.6,84.2,0,0,0,0,0,LLLLLLLLLL,LLLLL
278,2025/10/23 9:52,000,18.962,64.187,16.345,20.61,74,0,0,0,0,0,LLLLLLLLLL,LLLLL
279,2025/10/23 10:02,000,19.181,63.763,16.565,20.64,87.2,0,0,0,0,0,LLLLLLLLLL,LLLLL
280,2025/10/23 10:12,000,19.844,63.819,16.825,20.63,73.1,0,0,0,0,0,LLLLLLLLLL,LLLLL
281,2025/10/23 10:22,000,20.025,63.456,17.05,20.62,66.8,-0.01,-0.01,-0.01,-0.01,0,LLLLLLLLLL,LLLLL
282,2025/10/23 10:32,000,19.888,63.519,17.235,20.64,73.8,0,0,-0.01,-0.01,0,LLLLLLLLLL,LLLLL
283,2025/10/23 10:42,000,19.913,63.213,17.435,20.7,86,0.01,0.01,0.01,0.01,0,LLLLLLLLLL,LLLLL
284,2025/10/23 10:52,000,21.2,63.044,17.72,20.74,102.4,-0.01,-0.01,-0.01,-0.01,-0.01,LLLLLLLLLL,LLLLL
285,2025/10/23 11:02,000,22.294,61.881,18.1,20.73,79.4,0,0,0.01,0,0,LLLLLLLLLL,LLLLL
286,2025/10/23 11:12,000,22.069,60.15,18.34,20.79,63.1,0,0,0,0,0,LLLLLLLLLL,LLLLL
287,2025/10/23 11:22,000,21.275,58.812,18.5,20.8,60.4,-0.01,-0.01,-0.01,-0.01,-0.01,LLLLLLLLLL,LLLLL
288,2025/10/23 11:32,000,20.656,60.413,18.57,20.79,65.5,0,0.01,0,0,0,LLLLLLLLLL,LLLLL
289,2025/10/23 11:42,000,20.325,59.819,18.655,20.79,79.8,0,0,0,0,0,LLLLLLLLLL,LLLLL
290,2025/10/23 11:52,000,20.381,57.088,18.745,20.8,149.9,0.01,0.01,0,0,0,LLLLLLLLLL,LLLLL
291,2025/10/23 12:02,000,21.975,55.35,18.97,20.81,96.2,0.01,0,0,0.01,0,LLLLLLLLLL,LLLLL
292,2025/10/23 12:12,000,22.119,48.55,19.155,20.8,93.1,-0.01,-0.01,-0.01,-0.01,-0.01,LLLLLLLLLL,LLLLL
293,2025/10/23 12:22,000,22.256,52.356,19.27,20.81,95.6,0,0,0,0,0,LLLLLLLLLL,LLLLL
294,2025/10/23 12:32,000,22.806,51.756,19.51,20.88,106,0,0,0,0,0,LLLLLLLLLL,LLLLL
295,2025/10/23 12:42,000,22.812,51.519,19.67,20.98,148.9,0,0,0,0,0,LLLLLLLLLL,LLLLL
296,2025/10/23 12:52,000,23.088,53.681,19.905,20.97,76.4,0,0,0,0,0,LLLLLLLLLL,LLLLL
297,2025/10/23 13:02,000,23.362,55.156,20.135,20.99,125,0,0,0,0,0,LLLLLLLLLL,LLLLL
298,2025/10/23 13:12,000,24.337,51.556,20.4,20.97,116.6,0,-0.01,0,-0.01,0,LLLLLLLLLL,LLLLL
299,2025/10/23 13:22,000,24.638,46.444,20.71,21.07,50.4,0.01,0.01,0,0.01,0.01,LLLLLLLLLL,LLLLL
300,2025/10/23 13:32,000,23.494,46.844,20.845,21.08,197.9,0,0,0,0,0,LLLLLLLLLL,LLLLL
301,2025/10/23 13:42,000,24.875,45.481,21.135,21.06,164.2,0,0,0,0,0,LLLLLLLLLL,LLLLL
302,2025/10/23 13:52,000,25.8,42.419,21.46,21.09,165,0,0,0,0,0,LLLLLLLLLL,LLLLL
303,2025/10/23 14:02,000,26.019,41.275,21.81,21.09,100,0,0,0,0,0,LLLLLLLLLL,LLLLL
304,2025/10/23 14:12,000,25.562,42.669,21.97,21.15,98.1,0,0,0,0,0,LLLLLLLLLL,LLLLL
305,2025/10/23 14:22,000,25.519,45.112,22.125,21.16,129.5,0,0,0,0,0,LLLLLLLLLL,LLLLL
306,2025/10/23 14:32,000,25.763,39.737,22.38,21.2,128.6,0,0,0,0,0,LLLLLLLLLL,LLLLL
307,2025/10/23 14:42,000,25.269,40.156,22.49,21.19,73.5,0,-0.01,0,0,0,LLLLLLLLLL,LLLLL
308,2025/10/23 14:52,000,24.125,44.369,22.525,21.14,49.9,0,0,-0.01,0,0,LLLLLLLLLL,LLLLL
309,2025/10/23 15:02,000,22.919,46.575,22.515,21.15,81.4,0.01,0.01,0.01,0.01,0.01,LLLLLLLLLL,LLLLL
310,2025/10/23 15:12,000,22.244,47.144,22.475,21.18,44.2,0,0,0,0,0,LLLLLLLLLL,LLLLL
311,2025/10/23 15:22,000,21.206,49.344,22.425,21.18,46.9,0,0,0,0,0,LLLLLLLLLL,LLLLL
312,2025/10/23 15:32,000,20.769,53.187,22.265,21.28,32.2,0,0,0,0,0,LLLLLLLLLL,LLLLL
313,2025/10/23 15:42,000,20.519,56.656,22.2,21.1,24.8,0,0,-0.01,0,-0.01,LLLLLLLLLL,LLLLL
314,2025/10/23 15:52,000,20.113,60.456,22.13,21.1,38.5,0,0,0,0,0,LLLLLLLLLL,LLLLL
315,2025/10/23 16:02,000,20.038,63.319,22.06,21.11,19.6,0.01,0.01,0.01,0.01,0.01,LLLLLLLLLL,LLLLL
316,2025/10/23 16:12,000,19.775,64.156,22.02,21.09,17.2,0,0,0,0,0,LLLLLLLLLL,LLLLL
317,2025/10/23 16:22,000,19.256,64.756,21.975,21.1,13.2,0,0,0,0,0,LLLLLLLLLL,LLLLL
318,2025/10/23 16:32,000,18.581,65.275,21.93,21.09,8.5,0,0,0,0,0,LLLLLLLLLL,LLLLL
319,2025/10/23 16:42,000,17.806,65.406,21.79,21.08,5.5,-0.01,-0.01,-0.01,-0.01,-0.01,LLLLLLLLLL,LLLLL
320,2025/10/23 16:52,000,17.075,65.625,21.615,21.07,2.6,0.01,0.01,0.01,0,0.01,LLLLLLLLLL,LLLLL
321,2025/10/23 17:02,000,16.375,66.85,21.44,21.05,1,0,0,0,0,0,LLLLLLLLLL,LLLLL
322,2025/10/23 17:12,000,15.894,68.369,21.24,21.03,0.4,0,0,0,0,0,LLLLLLLLLL,LLLLL
323,2025/10/23 17:22,000,15.506,69.338,21.065,20.98,0,0,0,0,0,0,LLLLLLLLLL,LLLLL
324,2025/10/23 17:32,000,15.131,72.363,20.91,20.97,0.1,0.01,0,0,0,0,LLLLLLLLLL,LLLLL
325,2025/10/23 17:42,000,14.794,74.588,20.705,20.97,0,0,-0.01,-0.01,-0.01,0,LLLLLLLLLL,LLLLL
326,2025/10/23 17:52,000,14.469,74.788,20.475,20.97,0,-0.01,-0.01,-0.01,0,0,LLLLLLLLLL,LLLLL
327,2025/10/23 18:02,000,14.175,74.937,20.2,20.88,0,0.01,0.01,0.01,0.01,0,LLLLLLLLLL,LLLLL
328,2025/10/23 18:12,000,13.937,75.244,20.015,20.9,0.1,0,0,0,0,-0.01,LLLLLLLLLL,LLLLL
329,2025/10/23 18:22,000,13.7,75.369,19.865,20.89,0.1,0,0,0,0,0,LLLLLLLLLL,LLLLL
330,2025/10/23 18:32,000,13.644,75.713,19.685,20.89,0.1,0,0,0,0,0,LLLLLLLLLL,LLLLL
331,2025/10/23 18:42,000,13.619,75.888,19.505,20.87,0.1,0,0,0,0,0,LLLLLLLLLL,LLLLL
332,2025/10/23 18:52,000,13.525,75.95,19.335,20.88,0.1,0,0,0,0,0,LLLLLLLLLL,LLLLL
333,2025/10/23 19:02,000,13.388,76.119,19.215,20.84,0,0,0,0,0,0,LLLLLLLLLL,LLLLL
334,2025/10/23 19:12,000,13.419,76.287,19.045,20.79,0.1,0,0,0,0,0,LLLLLLLLLL,LLLLL
335,2025/10/23 19:22,000,13.469,76.344,18.895,20.72,0.1,0,0,0,0,0,LLLLLLLLLL,LLLLL
336,2025/10/23 19:32,000,13.556,76.35,18.79,20.73,0,0,0,0,0,0,LLLLLLLLLL,LLLLL
337,2025/10/23 19:42,000,13.6,76.412,18.66,20.73,0.1,0,0,0,0,0,LLLLLLLLLL,LLLLL
338,2025/10/23 19:52,000,13.663,76.463,18.535,20.71,0.1,-0.01,-0.01,-0.01,-0.01,-0.01,LLLLLLLLLL,LLLLL
339,2025/10/23 20:02,000,13.712,76.463,18.46,20.65,0.1,0,0,0,0,0,LLLLLLLLLL,LLLLL
340,2025/10/23 20:12,000,13.656,76.294,18.34,20.65,0.1,0,0,0,0,0,LLLLLLLLLL,LLLLL
341,2025/10/23 20:22,000,13.481,76.113,18.255,20.64,0.1,0,0,0,0,0,LLLLLLLLLL,LLLLL
342,2025/10/23 20:32,000,13.294,76.119,18.18,20.65,0.1,0,0,0,0,0,LLLLLLLLLL,LLLLL
343,2025/10/23 20:42,000,13.225,76.231,18.05,20.66,0,0.01,0.01,0.01,0.01,0.01,LLLLLLLLLL,LLLLL
344,2025/10/23 20:52,000,13.15,75.913,17.92,20.64,0,-0.01,-0.01,-0.01,-0.01,-0.01,LLLLLLLLLL,LLLLL
345,2025/10/23 21:02,000,13.112,75.956,17.81,20.64,0.1,-0.01,-0.01,-0.01,-0.01,-0.01,LLLLLLLLLL,LLLLL
346,2025/10/23 21:12,000,13.075,75.75,17.695,20.64,0,0,0,0,0,0,LLLLLLLLLL,LLLLL
347,2025/10/23 21:22,000,12.888,75.744,17.61,20.61,0.1,0.01,0.01,0.01,0.01,0.01,LLLLLLLLLL,LLLLL
348,2025/10/23 21:32,000,12.731,75.6,17.485,20.55,0.1,-0.01,-0.01,-0.01,-0.01,-0.01,LLLLLLLLLL,LLLLL
349,2025/10/23 21:42,000,12.606,75.694,17.41,20.55,0.1,0,0.01,0,0,0,LLLLLLLLLL,LLLLL
350,2025/10/23 21:52,000,12.594,75.669,17.26,20.55,0,-0.01,-0.01,0,-0.01,-0.01,LLLLLLLLLL,LLLLL
351,2025/10/23 22:02,000,12.675,75.631,17.17,20.55,0.1,-0.01,0,-0.01,-0.01,-0.01,LLLLLLLLLL,LLLLL
352,2025/10/23 22:12,000,12.794,75.725,17.05,20.5,0.1,0,0,0.01,0,0,LLLLLLLLLL,LLLLL
353,2025/10/23 22:22,000,12.812,75.669,16.995,20.49,0,0,0,0,0,0,LLLLLLLLLL,LLLLL
354,2025/10/23 22:32,000,12.731,75.362,16.89,20.49,0,0,0,0,0,0,LLLLLLLLLL,LLLLL
355,2025/10/23 22:42,000,12.563,75.131,16.78,20.48,0,0.01,0.01,0.01,0.01,0.01,LLLLLLLLLL,LLLLL
356,2025/10/23 22:52,000,12.35,75.162,16.645,20.48,0.1,0.01,0,0,0,0,LLLLLLLLLL,LLLLL
357,2025/10/23 23:02,000,12.263,75.575,16.56,20.48,0,0,0,0,0,0,LLLLLLLLLL,LLLLL
358,2025/10/23 23:12,000,12.244,75.744,16.445,20.48,0,-0.01,-0.01,-0.01,-0.01,0,LLLLLLLLLL,LLLLL
359,2025/10/23 23:22,000,12.275,75.956,16.365,20.48,0,-0.01,-0.01,-0.01,-0.01,0,LLLLLLLLLL,LLLLL
360,2025/10/23 23:32,000,12.25,75.888,16.325,20.43,0,-0.01,-0.01,-0.01,0,-0.01,LLLLLLLLLL,LLLLL
361,2025/10/23 23:42,000,12.169,75.781,16.245,20.42,0,-0.01,-0.01,-0.01,-0.01,-0.01,LLLLLLLLLL,LLLLL
362,2025/10/23 23:52,000,12.187,75.775,16.165,20.31,0.1,0,0.01,0,0,0,LLLLLLLLLL,LLLLL
363,2025/10/24 0:02,000,12.181,75.788,16.12,20.31,0.1,0,0.01,0,0.01,0,LLLLLLLLLL,LLLLL
364,2025/10/24 0:12,000,12.075,75.744,16.005,20.31,0,0.01,0,0.01,0,0,LLLLLLLLLL,LLLLL
365,2025/10/24 0:22,000,12.137,75.975,15.965,20.31,0,0,0,0,0,0,LLLLLLLLLL,LLLLL
366,2025/10/24 0:32,000,12.137,76,15.925,20.31,0,0,-0.01,-0.01,0,-0.01,LLLLLLLLLL,LLLLL
367,2025/10/24 0:42,000,12.112,76.162,15.84,20.31,0.1,0,0,0,-0.01,-0.01,LLLLLLLLLL,LLLLL
368,2025/10/24 0:52,000,12.144,76.406,15.795,20.31,0,0,0.01,0,0.01,0.01,LLLLLLLLLL,LLLLL
369,2025/10/24 1:02,000,12.131,76.425,15.76,20.31,0.1,0,0.01,0.01,0.01,0,LLLLLLLLLL,LLLLL
370,2025/10/24 1:12,000,12.069,76.463,15.72,20.31,0.1,0,0,-0.01,0,-0.01,LLLLLLLLLL,LLLLL
371,2025/10/24 1:22,000,11.944,76.306,15.635,20.31,0,0,0,0,0,0,LLLLLLLLLL,LLLLL
372,2025/10/24 1:32,000,11.731,76,15.59,20.31,-0.2,0.01,0,0,0,0,LLLLLLLLLL,LLLLL
373,2025/10/24 1:42,000,11.519,76.019,15.525,20.31,0,0,0,0,0,0,LLLLLLLLLL,LLLLL
374,2025/10/24 1:52,000,11.488,76.256,15.48,20.31,0,-0.01,-0.01,-0.01,0,0,LLLLLLLLLL,LLLLL
375,2025/10/24 2:02,000,11.556,76.588,15.39,20.27,0,0,0,0,-0.01,-0.01,LLLLLLLLLL,LLLLL
376,2025/10/24 2:12,000,11.669,76.681,15.35,20.41,0,0,0,0.01,0.01,0,LLLLLLLLLL,LLLLL
377,2025/10/24 2:22,000,11.913,76.463,15.29,20.55,0,0,0,0,0.01,0,LLLLLLLLLL,LLLLL
378,2025/10/24 2:32,000,12.112,76.281,15.2,20.55,0.1,0,0.01,0,0,0,LLLLLLLLLL,LLLLL
379,2025/10/24 2:42,000,12.169,75.45,15.16,20.55,0,-0.01,-0.01,-0.01,0,0,LLLLLLLLLL,LLLLL
380,2025/10/24 2:52,000,11.963,74.937,15.08,20.55,0.1,-0.01,-0.01,0,0,0,LLLLLLLLLL,LLLLL
381,2025/10/24 3:02,000,11.919,75.081,14.96,20.54,0.1,0,0,-0.01,0,0,LLLLLLLLLL,LLLLL
382,2025/10/24 3:12,000,11.925,75.069,14.915,20.55,0,0.01,0,0.01,0.01,0.01,LLLLLLLLLL,LLLLL
383,2025/10/24 3:22,000,11.975,75.087,14.875,20.54,0,0,-0.01,0,0,0,LLLLLLLLLL,LLLLL
384,2025/10/24 3:32,000,12.056,75.125,14.845,20.55,0.1,0,0,0,-0.01,0,LLLLLLLLLL,LLLLL
385,2025/10/24 3:42,000,12.175,75.194,14.795,20.54,0,-0.01,0,0,0,0,LLLLLLLLLL,LLLLL
386,2025/10/24 3:52,000,12.3,75.287,14.795,20.49,0,0,0,0,0.01,0.01,LLLLLLLLLL,LLLLL
387,2025/10/24 4:02,000,12.394,75.244,14.755,20.47,0,0,0,0,0,0,LLLLLLLLLL,LLLLL
388,2025/10/24 4:12,000,12.45,75.219,14.75,20.47,0,0,0.01,0.01,0,0.01,LLLLLLLLLL,LLLLL
389,2025/10/24 4:22,000,12.475,75.2,14.715,20.47,0.1,0,0,-0.01,0,-0.01,LLLLLLLLLL,LLLLL
390,2025/10/24 4:32,000,12.488,75.225,14.685,20.48,0,0.01,0.01,0.01,0,0.01,LLLLLLLLLL,LLLLL
391,2025/10/24 4:42,000,12.537,75.275,14.675,20.47,0,0,-0.01,-0.01,0,0,LLLLLLLLLL,LLLLL
392,2025/10/24 4:52,000,12.594,75.287,14.675,20.48,0.1,0,0,0.01,0.01,0.01,LLLLLLLLLL,LLLLL
393,2025/10/24 5:02,000,12.637,75.294,14.65,20.47,0,0.01,0,0,0,0.01,LLLLLLLLLL,LLLLL
394,2025/10/24 5:12,000,12.675,75.319,14.595,20.43,0,-0.01,-0.01,-0.01,-0.01,-0.01,LLLLLLLLLL,LLLLL
395,2025/10/24 5:22,000,12.712,75.3,14.6,20.37,0,0,-0.01,-0.01,0,-0.01,LLLLLLLLLL,LLLLL
396,2025/10/24 5:32,000,12.744,75.312,14.6,20.31,0,0,0,-0.01,0,0,LLLLLLLLLL,LLLLL
397,2025/10/24 5:42,000,12.781,75.338,14.6,20.32,0.1,-0.01,-0.01,-0.01,-0.01,-0.01,LLLLLLLLLL,LLLLL
398,2025/10/24 5:52,000,12.8,75.325,14.57,20.26,0.2,0,-0.01,-0.01,-0.01,0,LLLLLLLLLL,LLLLL
399,2025/10/24 6:02,000,12.819,75.325,14.56,20.24,0.6,-0.01,-0.01,0,-0.01,-0.01,LLLLLLLLLL,LLLLL
400,2025/10/24 6:12,000,12.825,75.3,14.555,20.2,1.6,0,-0.01,0,-0.01,0,LLLLLLLLLL,LLLLL
401,2025/10/24 6:22,000,12.831,75.287,14.56,20.14,3.2,-0.01,0,0,0,-0.01,LLLLLLLLLL,LLLLL
402,2025/10/24 6:32,000,12.837,75.269,14.56,20.16,6.1,-0.01,-0.01,-0.01,0,-0.01,LLLLLLLLLL,LLLLL
403,2025/10/24 6:42,000,12.906,75.325,14.555,20.15,8.2,-0.01,-0.01,-0.01,-0.01,-0.01,LLLLLLLLLL,LLLLL
404,2025/10/24 6:52,000,13.025,75.4,14.59,20.17,11.9,0.01,0,0,0,0,LLLLLLLLLL,LLLLL
405,2025/10/24 7:02,000,13.181,75.487,14.6,20.17,15,0,0,0.01,0.01,0,LLLLLLLLLL,LLLLL
406,2025/10/24 7:12,000,13.369,75.562,14.685,20.16,18.2,0.01,0,0,0,0,LLLLLLLLLL,LLLLL
407,2025/10/24 7:22,000,13.619,75.656,14.765,20.17,20.6,0,0,0,0,0,LLLLLLLLLL,LLLLL
408,2025/10/24 7:32,000,13.937,75.75,14.86,20.18,34.1,0,0,0,0,0,LLLLLLLLLL,LLLLL
409,2025/10/24 7:42,000,14.431,76.269,15.07,20.36,65,0,0,0,0,0,LLLLLLLLLL,LLLLL
410,2025/10/24 7:52,000,15.312,76.606,15.485,20.38,57.8,-0.01,0,0,0,0,LLLLLLLLLL,LLLLL
411,2025/10/24 8:02,000,16.275,76.194,15.825,20.3,48.2,0,0,0,0,-0.01,LLLLLLLLLL,LLLLL
412,2025/10/24 8:12,000,17.075,75.037,16.06,20.3,43.6,-0.01,-0.01,-0.01,0,-0.01,LLLLLLLLLL,LLLLL
413,2025/10/24 8:22,000,17.913,65.287,16.275,20.3,39.1,0,0,0,0,0,LLLLLLLLLL,LLLLL
414,2025/10/24 8:32,000,18.206,65.162,16.475,20.35,43,0,0,0,0,0,LLLLLLLLLL,LLLLL
415,2025/10/24 8:42,000,19.119,65.062,16.845,20.54,90.5,0,0,0,0,0,LLLLLLLLLL,LLLLL
416,2025/10/24 8:52,000,20.75,64.431,17.405,20.61,69.1,-0.01,0,0,0,0,LLLLLLLLLL,LLLLL
417,2025/10/24 9:02,000,21.369,63.969,17.84,20.53,49.1,0,0,0,0,0,LLLLLLLLLL,LLLLL
418,2025/10/24 9:12,000,21.388,63.638,18.065,20.57,60.9,0.01,0.01,0.01,0.01,0.01,LLLLLLLLLL,LLLLL
419,2025/10/24 9:22,000,21.781,63.744,18.315,20.65,108.6,0,0,0,0,0,LLLLLLLLLL,LLLLL
420,2025/10/24 9:32,000,22.656,63.031,18.68,20.58,71.8,0,0,0,0,0,LLLLLLLLLL,LLLLL
421,2025/10/24 9:42,000,22.763,62.513,18.905,20.63,78.6,0,0.01,0.01,0.01,0,LLLLLLLLLL,LLLLL
422,2025/10/24 9:52,000,22.838,61.838,19.11,20.65,49.1,0,0,-0.01,0,0,LLLLLLLLLL,LLLLL
423,2025/10/24 10:02,000,22.069,62.362,19.18,20.64,46.4,-0.01,0,0,-0.01,0,LLLLLLLLLL,LLLLL
424,2025/10/24 10:12,000,21.256,63.269,19.305,20.64,53.8,0.01,0,0,0.01,0.01,LLLLLLLLLL,LLLLL
425,2025/10/24 10:22,000,20.838,63.487,19.385,20.64,41.4,0,0,0,-0.01,0,LLLLLLLLLL,LLLLL
426,2025/10/24 10:32,000,20.437,63.6,19.5,20.64,67.4,0.01,0.01,0.01,0.01,0.01,LLLLLLLLLL,LLLLL
427,2025/10/24 10:42,000,21.15,63.456,19.665,20.66,77.1,0,0,0,0,0,LLLLLLLLLL,LLLLL
428,2025/10/24 10:52,000,21.7,62.463,19.83,20.73,85.5,0,0,0,0,0,LLLLLLLLLL,LLLLL
429,2025/10/24 11:02,000,21.944,62.437,19.985,20.73,61.9,0,0,0,0,0,LLLLLLLLLL,LLLLL
430,2025/10/24 11:12,000,21.981,62.35,20.145,20.72,65.4,0,0,0,0,0,LLLLLLLLLL,LLLLL
431,2025/10/24 11:22,000,21.931,62.431,20.305,20.73,72.8,0,0,0,0,0,LLLLLLLLLL,LLLLL
432,2025/10/24 11:32,000,22.431,61.831,20.445,20.79,94.5,0,0,0,0,0,LLLLLLLLLL,LLLLL
433,2025/10/24 11:42,000,23.225,58.819,20.69,20.78,69,0,0,0,0,0,LLLLLLLLLL,LLLLL
434,2025/10/24 11:52,000,23.013,60.175,20.82,20.73,20,0,0,0,0,0,LLLLLLLLLL,LLLLL
435,2025/10/24 12:02,000,21.781,61.013,20.91,20.79,40.8,0,0,0,0,0,LLLLLLLLLL,LLLLL
436,2025/10/24 12:12,000,20.538,63.437,20.9,20.79,39.9,0,0,0,0,0,LLLLLLLLLL,LLLLL
437,2025/10/24 12:22,000,19.744,64.369,20.9,20.78,38,0,0,0,0,0,LLLLLLLLLL,LLLLL
438,2025/10/24 12:32,000,19.281,64.95,20.895,20.78,52.5,-0.01,-0.01,-0.01,-0.01,-0.01,LLLLLLLLLL,LLLLL
439,2025/10/24 12:42,000,19.531,65,20.945,21.1,66.8,0.01,0,0,0,0,LLLLLLLLLL,LLLLL
440,2025/10/24 12:52,000,20.094,64.931,21.025,21.08,64,0,0,0,0,0,LLLLLLLLLL,LLLLL
441,2025/10/24 13:02,000,20.431,64.7,21.14,21.1,34.6,0,0,0,0,0,LLLLLLLLLL,LLLLL
442,2025/10/24 13:12,000,19.975,64.812,21.185,21.06,35.5,0,0,0,0,0,LLLLLLLLLL,LLLLL
443,2025/10/24 13:22,000,19.619,64.987,21.18,21.09,47.1,0,0,0,0,0,LLLLLLLLLL,LLLLL
444,2025/10/24 13:32,000,19.85,64.925,21.22,21.1,64.2,-0.01,-0.01,-0.01,-0.01,-0.01,LLLLLLLLLL,LLLLL
445,2025/10/24 13:42,000,20.444,64.763,21.345,21.11,52.5,-0.01,-0.01,-0.01,-0.01,-0.01,LLLLLLLLLL,LLLLL
446,2025/10/24 13:52,000,20.763,64.763,21.43,21.12,48.2,0,0,0,0,0,LLLLLLLLLL,LLLLL
447,2025/10/24 14:02,000,20.781,64.769,21.54,21.1,18.9,0,0,0,0,0,LLLLLLLLLL,LLLLL
448,2025/10/24 14:12,000,20.362,64.888,21.54,21.13,34.8,0,0,0,0,0,LLLLLLLLLL,LLLLL
449,2025/10/24 14:22,000,19.913,64.937,21.535,21.11,12,0,0,0,0,0,LLLLLLLLLL,LLLLL
450,2025/10/24 14:32,000,18.887,65.181,21.455,21.09,42.4,0,0,0,0,0,LLLLLLLLLL,LLLLL
451,2025/10/24 14:42,000,18.787,65.2,21.415,21.1,37.9,0,0,0,0,0.01,LLLLLLLLLL,LLLLL
452,2025/10/24 14:52,000,18.838,65.356,21.395,21.09,27,0,0,0,0,0,LLLLLLLLLL,LLLLL
453,2025/10/24 15:02,000,18.481,65.638,21.36,21.07,28.4,0.01,0,0,0,0.01,LLLLLLLLLL,LLLLL
454,2025/10/24 15:12,000,18.281,66.656,21.33,21.09,30.8,-0.01,-0.01,0,0,-0.01,LLLLLLLLLL,LLLLL
455,2025/10/24 15:22,000,18.231,67.038,21.255,21.09,14.6,0,0,0,-0.01,-0.01,LLLLLLLLLL,LLLLL
456,2025/10/24 15:32,000,17.937,67.738,21.185,21.08,14.3,0,0,0,0,-0.01,LLLLLLLLLL,LLLLL
457,2025/10/24 15:42,000,17.613,68.4,21.125,21.03,12.2,0,0,-0.01,0,0,LLLLLLLLLL,LLLLL
458,2025/10/24 15:52,000,17.094,68.406,21.02,21.03,9.4,-0.01,0,0,0,0,LLLLLLLLLL,LLLLL
459,2025/10/24 16:02,000,16.569,69.088,20.915,21.03,6.2,0.01,0.01,0.01,0.01,0.01,LLLLLLLLLL,LLLLL
460,2025/10/24 16:12,000,16.125,69.669,20.76,20.98,3.4,0,0,0,0,0,LLLLLLLLLL,LLLLL
461,2025/10/24 16:22,000,15.656,74.675,20.595,20.98,3.2,-0.01,-0.01,-0.01,-0.01,-0.01,LLLLLLLLLL,LLLLL
462,2025/10/24 16:32,000,15.281,74.95,20.47,20.98,4.2,0,0,0,0,0,LLLLLLLLLL,LLLLL
463,2025/10/24 16:42,000,14.975,75.119,20.315,20.98,2.1,0,0,0,0,0,LLLLLLLLLL,LLLLL
464,2025/10/24 16:52,000,14.7,75.319,20.15,20.98,0.6,0,0.01,0,0,0,LLLLLLLLLL,LLLLL
465,2025/10/24 17:02,000,14.375,75.381,19.96,20.97,0.2,-0.01,-0.01,-0.01,0,0,LLLLLLLLLL,LLLLL
466,2025/10/24 17:12,000,14.119,75.625,19.78,20.95,0.1,0.01,0.01,0.01,0.01,0.01,LLLLLLLLLL,LLLLL
467,2025/10/24 17:22,000,13.812,75.463,19.645,20.97,0,-0.01,0,0,0,0,LLLLLLLLLL,LLLLL
468,2025/10/24 17:32,000,13.525,75.306,19.445,20.9,0,0,0,0,0,0,LLLLLLLLLL,LLLLL
469,2025/10/24 17:42,000,13.237,75.45,19.255,20.89,0,0,0,0,0,0,LLLLLLLLLL,LLLLL
470,2025/10/24 17:52,000,13.025,75.55,19.06,20.89,0.1,0,0,0,0,0,LLLLLLLLLL,LLLLL
471,2025/10/24 18:02,000,12.988,75.981,18.88,20.89,0.1,0,0,0,0,0,LLLLLLLLLL,LLLLL
472,2025/10/24 18:12,000,12.988,76.15,18.715,20.85,0.1,0,0,0,0,0,LLLLLLLLLL,LLLLL
473,2025/10/24 18:22,000,12.981,76.269,18.61,20.8,0,0,0,0,0,0,LLLLLLLLLL,LLLLL
474,2025/10/24 18:32,000,12.937,76.381,18.455,20.72,0.1,0.01,0.01,0.01,0.01,0.01,LLLLLLLLLL,LLLLL
475,2025/10/24 18:42,000,12.944,76.644,18.315,20.73,0.1,0,0,0,0,0,LLLLLLLLLL,LLLLL
476,2025/10/24 18:52,000,12.963,76.681,18.215,20.72,0.1,0,0,0,0,0,LLLLLLLLLL,LLLLL
477,2025/10/24 19:02,000,12.913,76.775,18.07,20.72,0.1,-0.01,-0.01,-0.01,-0.01,-0.01,LLLLLLLLLL,LLLLL
478,2025/10/24 19:12,000,12.825,76.737,17.975,20.67,0.1,0,0,0,0,0,LLLLLLLLLL,LLLLL
479,2025/10/24 19:22,000,12.831,76.981,17.85,20.64,0.1,-0.01,-0.01,-0.01,-0.01,-0.01,LLLLLLLLLL,LLLLL
480,2025/10/24 19:32,000,12.837,76.881,17.735,20.64,0,0,0,0,0,0,LLLLLLLLLL,LLLLL
481,2025/10/24 19:42,000,12.712,76.75,17.625,20.64,0,0,0,0,0,0,LLLLLLLLLL,LLLLL
482,2025/10/24 19:52,000,12.625,76.781,17.49,20.64,0.1,-0.01,-0.01,-0.01,-0.01,-0.01,LLLLLLLLLL,LLLLL
483,2025/10/24 20:02,000,12.544,76.663,17.405,20.62,0,0,0,0,0,0,LLLLLLLLLL,LLLLL
484,2025/10/24 20:12,000,12.463,76.681,17.27,20.61,0.1,-0.01,-0.01,-0.01,-0.01,-0.01,LLLLLLLLLL,LLLLL
485,2025/10/24 20:22,000,12.375,76.644,17.17,20.61,0.1,0,0,0.01,0,0,LLLLLLLLLL,LLLLL
486,2025/10/24 20:32,000,12.263,76.644,17.05,20.55,0,0,0,0,0,0,LLLLLLLLLL,LLLLL
487,2025/10/24 20:42,000,12.237,76.481,16.935,20.55,0,0,0.01,0,0.01,0.01,LLLLLLLLLL,LLLLL
488,2025/10/24 20:52,000,12.244,76.656,16.83,20.55,0.1,0.01,0.01,0,0.01,0.01,LLLLLLLLLL,LLLLL
489,2025/10/24 21:02,000,12.212,76.631,16.765,20.55,0,0,0.01,0,0,0.01,LLLLLLLLLL,LLLLL
490,2025/10/24 21:12,000,12.112,76.487,16.645,20.55,0,0,0,-0.01,-0.01,-0.01,LLLLLLLLLL,LLLLL
491,2025/10/24 21:22,000,12.037,76.569,16.565,20.54,0,0,0,0,0,0.01,LLLLLLLLLL,LLLLL
492,2025/10/24 21:32,000,11.956,76.181,16.415,20.53,0,-0.01,-0.01,-0.01,-0.01,-0.01,LLLLLLLLLL,LLLLL
493,2025/10/24 21:42,000,11.881,76.237,16.32,20.49,0,0,-0.01,-0.01,0,-0.01,LLLLLLLLLL,LLLLL
494,2025/10/24 21:52,000,11.925,76.419,16.215,20.47,0.1,0,0,-0.01,0,-0.01,LLLLLLLLLL,LLLLL
495,2025/10/24 22:02,000,11.888,76.619,16.16,20.48,0,0,-0.01,-0.01,-0.01,0,LLLLLLLLLL,LLLLL
496,2025/10/24 22:12,000,11.812,76.581,16.125,20.47,0.1,0.01,0,0.01,0,0,LLLLLLLLLL,LLLLL
497,2025/10/24 22:22,000,11.769,76.719,16.005,20.48,0,0.01,0,0,0.01,0.01,LLLLLLLLLL,LLLLL
498,2025/10/24 22:32,000,11.831,76.869,15.95,20.48,0,-0.01,-0.01,-0.01,0,-0.01,LLLLLLLLLL,LLLLL
499,2025/10/24 22:42,000,11.769,76.731,15.85,20.48,0,-0.01,-0.01,-0.01,0,0,LLLLLLLLLL,LLLLL
500,2025/10/24 22:52,000,11.775,76.869,15.8,20.47,0.1,-0.01,0,0,0,-0.01,LLLLLLLLLL,LLLLL
501,2025/10/24 23:02,000,11.8,76.925,15.745,20.39,0,0.01,0.01,0.01,0.01,0.01,LLLLLLLLLL,LLLLL
502,2025/10/24 23:12,000,11.812,76.913,15.675,20.43,0.1,-0.01,0,0,0,-0.01,LLLLLLLLLL,LLLLL
503,2025/10/24 23:22,000,11.725,76.988,15.6,20.4,0,-0.01,0,-0.01,0,0,LLLLLLLLLL,LLLLL
504,2025/10/24 23:32,000,11.756,77.025,15.565,20.32,0,0,0.01,0,0,0.01,LLLLLLLLLL,LLLLL
505,2025/10/24 23:42,000,11.712,77.063,15.515,20.31,0,0,0,0,0,0,LLLLLLLLLL,LLLLL
506,2025/10/24 23:52,000,11.737,77.131,15.48,20.31,0,0,0.01,0,0.01,0.01,LLLLLLLLLL,LLLLL
507,2025/10/25 0:02,000,11.7,77.087,15.405,20.31,0,0,0,-0.01,0,-0.01,LLLLLLLLLL,LLLLL
508,2025/10/25 0:12,000,11.687,77.169,15.365,20.32,0.1,0,0,0,0,0,LLLLLLLLLL,LLLLL
509,2025/10/25 0:22,000,11.681,77.175,15.325,20.31,0,0.01,0,0.01,0,0.01,LLLLLLLLLL,LLLLL
510,2025/10/25 0:32,000,11.637,77.144,15.28,20.31,0.1,0,-0.01,0,-0.01,-0.01,LLLLLLLLLL,LLLLL
511,2025/10/25 0:42,000,11.625,77.225,15.195,20.31,0,0,0,0,0,0,LLLLLLLLLL,LLLLL
512,2025/10/25 0:52,000,11.619,77.269,15.155,20.31,0,0,0,-0.01,-0.01,0,LLLLLLLLLL,LLLLL
513,2025/10/25 1:02,000,11.619,77.244,15.12,20.31,0,0.01,0.01,0.01,0.01,0.01,LLLLLLLLLL,LLLLL
514,2025/10/25 1:12,000,11.612,77.237,15.105,20.31,0.2,0,0.01,0.01,0.01,0,LLLLLLLLLL,LLLLL
515,2025/10/25 1:22,000,11.625,77.281,15.08,20.31,0,0,0,0,0,0,LLLLLLLLLL,LLLLL
516,2025/10/25 1:32,000,11.65,77.394,14.995,20.31,0,0,-0.01,0,0,0,LLLLLLLLLL,LLLLL
517,2025/10/25 1:42,000,11.65,77.431,14.985,20.3,0.1,-0.01,-0.01,-0.01,-0.01,0,LLLLLLLLLL,LLLLL
518,2025/10/25 1:52,000,11.656,77.469,14.96,20.31,0,0,-0.01,-0.01,0,0,LLLLLLLLLL,LLLLL
519,2025/10/25 2:02,000,11.625,77.469,14.92,20.29,0,-0.01,0,0,0,-0.01,LLLLLLLLLL,LLLLL
520,2025/10/25 2:12,000,11.612,77.412,14.92,20.38,0,-0.01,0,0,-0.01,0,LLLLLLLLLL,LLLLL
521,2025/10/25 2:22,000,11.775,77.294,14.88,20.55,0,0,0,0.01,0.01,0.01,LLLLLLLLLL,LLLLL
522,2025/10/25 2:32,000,11.937,77.106,14.805,20.55,0,0,-0.01,0,0,-0.01,LLLLLLLLLL,LLLLL
523,2025/10/25 2:42,000,12.063,76.937,14.76,20.56,0,0.01,0.01,0.01,0,0.01,LLLLLLLLLL,LLLLL
524,2025/10/25 2:52,000,12.144,76.831,14.755,20.55,0,0.01,0.01,0.01,0.01,0.01,LLLLLLLLLL,LLLLL
525,2025/10/25 3:02,000,12.181,76.731,14.72,20.55,0,-0.01,0,0,0,0,LLLLLLLLLL,LLLLL
526,2025/10/25 3:12,000,12.206,76.625,14.69,20.55,0,0,0,-0.01,0,0,LLLLLLLLLL,LLLLL
527,2025/10/25 3:22,000,12.212,76.544,14.675,20.55,0,0.01,0.01,0.01,0.01,0.01,LLLLLLLLLL,LLLLL
528,2025/10/25 3:32,000,12.225,76.456,14.675,20.55,0,0,0,0,0,-0.01,LLLLLLLLLL,LLLLL
529,2025/10/25 3:42,000,12.212,76.406,14.655,20.55,-0.2,0,0,0,0,-0.01,LLLLLLLLLL,LLLLL
530,2025/10/25 3:52,000,12.212,76.344,14.6,20.55,0,0.01,0.01,0.01,0.01,0,LLLLLLLLLL,LLLLL
531,2025/10/25 4:02,000,12.225,76.325,14.595,20.55,0.1,0,0,0,0,0,LLLLLLLLLL,LLLLL
532,2025/10/25 4:12,000,12.237,76.269,14.565,20.55,0,0,-0.01,0,0,-0.01,LLLLLLLLLL,LLLLL
533,2025/10/25 4:22,000,12.263,76.275,14.555,20.55,0,0,-0.01,0,-0.01,0,LLLLLLLLLL,LLLLL
534,2025/10/25 4:32,000,12.275,76.25,14.555,20.55,0,0.01,0.01,0.01,0.01,0.01,LLLLLLLLLL,LLLLL
535,2025/10/25 4:42,000,12.281,76.231,14.525,20.55,0,0.01,0.01,0.01,0,0.01,LLLLLLLLLL,LLLLL
536,2025/10/25 4:52,000,12.3,76.219,14.52,20.55,0,0,0,0,0,-0.01,LLLLLLLLLL,LLLLL
537,2025/10/25 5:02,000,12.306,76.225,14.515,20.55,0,0,0,-0.01,-0.01,0,LLLLLLLLLL,LLLLL
538,2025/10/25 5:12,000,12.331,76.237,14.515,20.55,0,0,-0.01,0,0,-0.01,LLLLLLLLLL,LLLLL
539,2025/10/25 5:22,000,12.344,76.263,14.485,20.55,0.1,0,-0.01,0,-0.01,0,LLLLLLLLLL,LLLLL
540,2025/10/25 5:32,000,12.363,76.25,14.48,20.55,0.2,0,-0.01,0,-0.01,0,LLLLLLLLLL,LLLLL
541,2025/10/25 5:42,000,12.381,76.256,14.475,20.55,0,0.01,0,0.01,0,0,LLLLLLLLLL,LLLLL
542,2025/10/25 5:52,000,12.381,76.237,14.475,20.55,0.1,0,-0.01,0,0,0,LLLLLLLLLL,LLLLL
543,2025/10/25 6:02,000,12.4,76.269,14.475,20.55,0.4,0.01,0.01,0,0.01,0,LLLLLLLLLL,LLLLL
544,2025/10/25 6:12,000,12.406,76.269,14.405,20.55,1,0.01,0,0,0,0,LLLLLLLLLL,LLLLL
545,2025/10/25 6:22,000,12.413,76.269,14.395,20.53,2.4,0,-0.01,0,-0.01,0,LLLLLLLLLL,LLLLL
546,2025/10/25 6:32,000,12.45,76.306,14.395,20.53,4,0,-0.01,-0.01,-0.01,0,LLLLLLLLLL,LLLLL
547,2025/10/25 6:42,000,12.5,76.412,14.4,20.73,4.5,0,0.01,0,0,0,LLLLLLLLLL,LLLLL
548,2025/10/25 6:52,000,12.6,76.513,14.395,20.71,6.1,0,0,-0.01,0,-0.01,LLLLLLLLLL,LLLLL
549,2025/10/25 7:02,000,12.719,76.55,14.465,20.72,6.8,0.01,0.01,0,0.01,0.01,LLLLLLLLLL,LLLLL
550,2025/10/25 7:12,000,12.844,76.612,14.485,20.72,10.4,0,0,-0.01,-0.01,0,LLLLLLLLLL,LLLLL
551,2025/10/25 7:22,000,13,76.638,14.515,20.72,13.2,0.01,0,0,0.01,0.01,LLLLLLLLLL,LLLLL
552,2025/10/25 7:32,000,13.175,76.681,14.565,20.73,13.6,0,0,0,0,0.01,LLLLLLLLLL,LLLLL
553,2025/10/25 7:42,000,13.375,76.737,14.605,20.73,16.9,0,0.01,0,0,0,LLLLLLLLLL,LLLLL
554,2025/10/25 7:52,000,13.575,76.763,14.685,20.73,16.9,0,0.01,0,0,0,LLLLLLLLLL,LLLLL
555,2025/10/25 8:02,000,13.794,76.812,14.725,20.73,16.4,0,0,0,0,0,LLLLLLLLLL,LLLLL
556,2025/10/25 8:12,000,13.988,76.806,14.795,20.73,18.4,0,0,0,0,0,LLLLLLLLLL,LLLLL
557,2025/10/25 8:22,000,13.631,76.344,14.885,20.73,18.6,0,0,0,0,0,LLLLLLLLLL,LLLLL
558,2025/10/25 8:32,000,13.544,76.5,14.93,20.73,16.5,-0.01,-0.01,-0.01,-0.01,-0.01,LLLLLLLLLL,LLLLL
559,2025/10/25 8:42,000,13.481,76.412,14.965,21.02,13.5,0,0,0,0,0,LLLLLLLLLL,LLLLL
560,2025/10/25 8:52,000,13.463,76.606,15.01,21,21.6,0,0,0,0,0,LLLLLLLLLL,LLLLL
561,2025/10/25 9:02,000,13.687,76.638,15.125,20.98,20.2,0,0,0,0,0,LLLLLLLLLL,LLLLL
562,2025/10/25 9:12,000,13.856,76.575,15.17,20.98,31.1,0,0,0,0,0,LLLLLLLLLL,LLLLL
563,2025/10/25 9:22,000,14.131,76.356,15.3,20.98,19.1,0.01,0.01,0.01,0.01,0.01,LLLLLLLLLL,LLLLL
564,2025/10/25 9:32,000,14.381,76.494,15.375,20.97,48.4,0,0,0,0,0,LLLLLLLLLL,LLLLL
565,2025/10/25 9:42,000,14.694,76.038,15.5,20.9,26.1,0,0,0,0,0,LLLLLLLLLL,LLLLL
566,2025/10/25 9:52,000,14.781,75.969,15.58,20.91,22.6,0,0,0,0,0,LLLLLLLLLL,LLLLL
567,2025/10/25 10:02,000,14.894,75.956,15.64,20.91,19.5,0,0,0,0,0,LLLLLLLLLL,LLLLL
568,2025/10/25 10:12,000,14.862,75.975,15.74,20.9,22,0.01,0.01,0.01,0.01,0.01,LLLLLLLLLL,LLLLL
569,2025/10/25 10:22,000,14.95,76.081,15.82,20.91,30.2,0,0,0,-0.01,-0.01,LLLLLLLLLL,LLLLL
570,2025/10/25 10:32,000,15.131,76.05,15.935,20.94,46.9,0,-0.01,-0.01,0,0,LLLLLLLLLL,LLLLL
571,2025/10/25 10:42,000,15.513,75.875,16.03,21.15,46,0.01,0.01,0,0,0,LLLLLLLLLL,LLLLL
572,2025/10/25 10:52,000,15.894,75.406,16.17,21.15,30.2,0.01,0,0,0.01,0.01,LLLLLLLLLL,LLLLL
573,2025/10/25 11:02,000,15.862,75.063,16.27,21.16,32.1,0,0,0,0,0,LLLLLLLLLL,LLLLL
574,2025/10/25 11:12,000,15.956,75.237,16.39,21.2,30.1,0,0,0.01,0,0,LLLLLLLLLL,LLLLL
575,2025/10/25 11:22,000,16.113,75.15,16.47,21.2,39.9,0.01,0,0,0,0,LLLLLLLLLL,LLLLL
576,2025/10/25 11:32,000,16.306,74.969,16.63,21.21,29.9,0,0,0,0,0,LLLLLLLLLL,LLLLL
577,2025/10/25 11:42,000,16.225,74.631,16.75,21.24,26,-0.01,-0.01,-0.01,-0.01,-0.01,LLLLLLLLLL,LLLLL
578,2025/10/25 11:52,000,16.081,75,16.83,21.24,32.1,0,0,0,0.01,0,LLLLLLLLLL,LLLLL
579,2025/10/25 12:02,000,16.169,75.119,16.905,21.24,25.6,0,0,0,0,0,LLLLLLLLLL,LLLLL
580,2025/10/25 12:12,000,16.15,75.138,16.99,21.24,20.6,-0.01,-0.01,-0.01,-0.01,-0.01,LLLLLLLLLL,LLLLL
581,2025/10/25 12:22,000,16.038,75.3,17.07,21.23,20.9,-0.01,-0.01,-0.01,-0.01,-0.01,LLLLLLLLLL,LLLLL
582,2025/10/25 12:32,000,15.888,75.412,17.105,21.23,21,0,0,0,0,0,LLLLLLLLLL,LLLLL
583,2025/10/25 12:42,000,15.781,75.494,17.185,21.56,24.4,0,0,0,0,0,LLLLLLLLLL,LLLLL
584,2025/10/25 12:52,000,15.756,75.569,17.25,21.55,23.1,0,0,0,0,0,LLLLLLLLLL,LLLLL
585,2025/10/25 13:02,000,15.713,75.419,17.3,21.54,20.9,0,0,0,0,0,LLLLLLLLLL,LLLLL
586,2025/10/25 13:12,000,15.65,75.513,17.385,21.55,17.6,-0.01,-0.01,-0.01,-0.01,-0.01,LLLLLLLLLL,LLLLL
587,2025/10/25 13:22,000,15.525,75.544,17.425,21.55,16.5,-0.01,0,-0.01,-0.01,-0.01,LLLLLLLLLL,LLLLL
588,2025/10/25 13:32,000,15.45,75.738,17.425,21.55,20.2,-0.01,-0.01,-0.01,-0.01,-0.01,LLLLLLLLLL,LLLLL
589,2025/10/25 13:42,000,15.513,75.844,17.475,21.55,20.8,0.01,0,0,0,0,LLLLLLLLLL,LLLLL
590,2025/10/25 13:52,000,15.613,75.944,17.51,21.56,30.1,0,0,0,0,0,LLLLLLLLLL,LLLLL
591,2025/10/25 14:02,000,15.756,75.781,17.595,21.56,20.1,0,0,0,0.01,0,LLLLLLLLLL,LLLLL
592,2025/10/25 14:12,000,15.669,75.631,17.63,21.55,13.6,0,0,0,0,0,LLLLLLLLLL,LLLLL
593,2025/10/25 14:22,000,15.469,75.756,17.665,21.57,12.4,0.01,0,0,0,0,LLLLLLLLLL,LLLLL
594,2025/10/25 14:32,000,15.319,75.931,17.67,21.56,11.5,-0.01,-0.01,-0.01,0,0,LLLLLLLLLL,LLLLL
595,2025/10/25 14:42,000,15.15,76.025,17.665,21.56,10.4,0,0,0,0,0,LLLLLLLLLL,LLLLL
596,2025/10/25 14:52,000,15.025,76.15,17.665,21.55,13.2,-0.01,0,-0.01,-0.01,-0.01,LLLLLLLLLL,LLLLL
597,2025/10/25 15:02,000,14.962,76.269,17.66,21.55,9.4,-0.01,-0.01,-0.01,-0.01,-0.01,LLLLLLLLLL,LLLLL
598,2025/10/25 15:12,000,14.875,76.212,17.665,21.55,7.6,-0.01,-0.01,-0.01,0,-0.01,LLLLLLLLLL,LLLLL
599,2025/10/25 15:22,000,14.731,76.312,17.66,21.54,5.4,-0.01,0,0,0,-0.01,LLLLLLLLLL,LLLLL
600,2025/10/25 15:32,000,14.619,76.5,17.62,21.53,6.8,-0.01,0,0,-0.01,-0.01,LLLLLLLLLL,LLLLL
601,2025/10/25 15:42,000,14.588,76.681,17.625,21.54,5.8,0,0,0,0,0,LLLLLLLLLL,LLLLL
602,2025/10/25 15:52,000,14.575,76.825,17.58,21.53,6.4,0,-0.01,0,0,0,LLLLLLLLLL,LLLLL
603,2025/10/25 16:02,000,14.55,76.869,17.58,21.53,6.1,0,0,0,0,0,LLLLLLLLLL,LLLLL
604,2025/10/25 16:12,000,14.444,76.838,17.57,21.54,2.9,0,0,0,-0.01,0,LLLLLLLLLL,LLLLL
605,2025/10/25 16:22,000,14.294,76.881,17.505,21.54,1.9,0,-0.01,0,0,-0.01,LLLLLLLLLL,LLLLL
606,2025/10/25 16:32,000,14.169,76.95,17.46,21.54,1.2,0,0,0,0,0,LLLLLLLLLL,LLLLL
607,2025/10/25 16:42,000,14.025,77.019,17.415,21.53,0.6,0,0,0,0,0,LLLLLLLLLL,LLLLL
608,2025/10/25 16:52,000,13.9,77.094,17.375,21.53,0.4,0,0,0,0,-0.01,LLLLLLLLLL,LLLLL
609,2025/10/25 17:02,000,13.687,77.056,17.295,21.52,0.1,0,0,0,0,0,LLLLLLLLLL,LLLLL
610,2025/10/25 17:12,000,13.663,77.331,17.26,21.53,0,0,0,0,0,0,LLLLLLLLLL,LLLLL
611,2025/10/25 17:22,000,13.631,77.369,17.215,21.53,0,0.01,0.01,0,0.01,0.01,LLLLLLLLLL,LLLLL
612,2025/10/25 17:32,000,13.575,77.469,17.175,21.52,0,0,0,0,0,0,LLLLLLLLLL,LLLLL
613,2025/10/25 17:42,000,13.55,77.544,17.095,21.53,0.1,-0.01,-0.01,-0.01,-0.01,-0.01,LLLLLLLLLL,LLLLL
614,2025/10/25 17:52,000,13.569,77.681,17.055,21.52,0.1,-0.01,-0.01,-0.01,-0.01,-0.01,LLLLLLLLLL,LLLLL
615,2025/10/25 18:02,000,13.6,77.794,17.02,21.53,0,0,0,0,0,0,LLLLLLLLLL,LLLLL
616,2025/10/25 18:12,000,13.588,77.825,16.975,21.53,0,0,0,0,0,0,LLLLLLLLLL,LLLLL
617,2025/10/25 18:22,000,13.563,77.8,16.91,21.52,0.1,-0.01,-0.01,-0.01,-0.01,-0.01,LLLLLLLLLL,LLLLL
618,2025/10/25 18:32,000,13.488,77.838,16.895,21.51,0.1,0,0,0,0,0,LLLLLLLLLL,LLLLL
619,2025/10/25 18:42,000,13.519,77.95,16.85,21.5,0.1,0,0,0,0,0,LLLLLLLLLL,LLLLL
620,2025/10/25 18:52,000,13.481,77.937,16.815,21.47,0,-0.01,-0.01,-0.01,-0.01,-0.01,LLLLLLLLLL,LLLLL
621,2025/10/25 19:02,000,13.481,78.038,16.78,21.48,0.1,-0.01,-0.01,-0.01,-0.01,-0.01,LLLLLLLLLL,LLLLL
622,2025/10/25 19:12,000,13.513,78.038,16.775,21.45,0,0,0,0,0,0,LLLLLLLLLL,LLLLL
623,2025/10/25 19:22,000,13.494,78.044,16.735,21.45,0,0,0,0,0,0,LLLLLLLLLL,LLLLL
624,2025/10/25 19:32,000,13.506,78.056,16.68,21.45,0.1,0,0,0,0,0,LLLLLLLLLL,LLLLL
625,2025/10/25 19:42,000,13.531,78.063,16.66,21.45,0.1,0,0,0,0,0,LLLLLLLLLL,LLLLL
626,2025/10/25 19:52,000,13.544,78.069,16.65,21.45,0.1,0,0,0,0,0,LLLLLLLLLL,LLLLL
627,2025/10/25 20:02,000,13.506,78.038,16.615,21.45,0.1,0,0,0,0,0,LLLLLLLLLL,LLLLL
628,2025/10/25 20:12,000,13.475,78.05,16.605,21.44,0,0,0,0,0,0,LLLLLLLLLL,LLLLL
629,2025/10/25 20:22,000,13.456,78.063,16.575,21.45,0.1,0,0,0,0,0,LLLLLLLLLL,LLLLL
630,2025/10/25 20:32,000,13.437,78.044,16.57,21.45,0.1,-0.01,-0.01,-0.01,-0.01,-0.01,LLLLLLLLLL,LLLLL
631,2025/10/25 20:42,000,13.344,78,16.54,21.46,0.1,0,0,0,0,0,LLLLLLLLLL,LLLLL
632,2025/10/25 20:52,000,13.325,78.025,16.45,21.45,0.1,0,0,0,0,0,LLLLLLLLLL,LLLLL
633,2025/10/25 21:02,000,13.319,78.025,16.45,21.44,0.1,0,0,0,0,0,LLLLLLLLLL,LLLLL
634,2025/10/25 21:12,000,13.263,78.012,16.41,21.45,0.1,0.01,0.01,0.01,0.01,0.01,LLLLLLLLLL,LLLLL
635,2025/10/25 21:22,000,13.306,78.025,16.415,21.45,0,0,0,0,0,0,LLLLLLLLLL,LLLLL
636,2025/10/25 21:32,000,13.294,78.025,16.375,21.45,0,0,0,0,0,0,LLLLLLLLLL,LLLLL
637,2025/10/25 21:42,000,13.288,78.025,16.365,21.45,0.1,0.01,0.01,0.01,0.01,0.01,LLLLLLLLLL,LLLLL
638,2025/10/25 21:52,000,13.325,78.025,16.335,21.45,0.1,0.01,0.01,0.01,0.01,0.01,LLLLLLLLLL,LLLLL
639,2025/10/25 22:02,000,13.394,78.038,16.33,21.45,0.1,0,0,0,0,0,LLLLLLLLLL,LLLLL
640,2025/10/25 22:12,000,13.456,78.05,16.335,21.45,0.1,0,0,0,0,0,LLLLLLLLLL,LLLLL
641,2025/10/25 22:22,000,13.469,78.056,16.315,21.45,0.1,0,0,0,0,0,LLLLLLLLLL,LLLLL
642,2025/10/25 22:32,000,13.494,78.063,16.25,21.45,0.1,0,0,0,0,0,LLLLLLLLLL,LLLLL
643,2025/10/25 22:42,000,13.513,78.063,16.255,21.45,0,0,0,0,0,0,LLLLLLLLLL,LLLLL
644,2025/10/25 22:52,000,13.494,78.063,16.25,21.42,0.1,0,0,0,0,0,LLLLLLLLLL,LLLLL
645,2025/10/25 23:02,000,13.494,78.063,16.25,21.41,0.1,0.01,0.01,0.01,0.01,0.01,LLLLLLLLLL,LLLLL
646,2025/10/25 23:12,000,13.525,78.075,16.24,21.4,-0.2,0.01,0.01,0.01,0.01,0.01,LLLLLLLLLL,LLLLL
647,2025/10/25 23:22,000,13.55,78.075,16.215,21.42,-0.2,0.01,0.01,0.01,0.01,0.01,LLLLLLLLLL,LLLLL
648,2025/10/25 23:32,000,13.581,78.081,16.215,21.39,0,0,0,0,0,0,LLLLLLLLLL,LLLLL
649,2025/10/25 23:42,000,13.637,78.094,16.21,21.43,0,0,0,0,0,0,LLLLLLLLLL,LLLLL
650,2025/10/25 23:52,000,13.644,78.094,16.215,21.43,0,0,0,0,0,0,LLLLLLLLLL,LLLLL
651,2025/10/26 0:02,000,13.687,78.1,16.215,21.39,0.1,0,0,0,0,0,LLLLLLLLLL,LLLLL
652,2025/10/26 0:12,000,13.706,78.1,16.215,21.43,0.1,0,0,0,0,0,LLLLLLLLLL,LLLLL
653,2025/10/26 0:22,000,13.719,78.113,16.215,21.39,0.1,0,0,0,0,0,LLLLLLLLLL,LLLLL
654,2025/10/26 0:32,000,13.725,78.119,16.21,21.39,0.1,0,0,0,0,0,LLLLLLLLLL,LLLLL
655,2025/10/26 0:42,000,13.706,78.106,16.21,21.39,0,0,0,0,0,0,LLLLLLLLLL,LLLLL
656,2025/10/26 0:52,000,13.719,78.119,16.21,21.39,0.1,0.01,0.01,0.01,0.01,0.01,LLLLLLLLLL,LLLLL
657,2025/10/26 1:02,000,13.712,78.106,16.21,21.4,0.1,0,0,0,0,0,LLLLLLLLLL,LLLLL
658,2025/10/26 1:12,000,13.756,78.119,16.215,21.39,0,0,0,0,0,0,LLLLLLLLLL,LLLLL
659,2025/10/26 1:22,000,13.775,78.125,16.21,21.4,0,0.01,0.01,0.01,0.01,0.01,LLLLLLLLLL,LLLLL
660,2025/10/26 1:32,000,13.794,78.125,16.215,21.41,0.1,0,0,0,0,0,LLLLLLLLLL,LLLLL
661,2025/10/26 1:42,000,13.85,78.137,16.215,21.39,0,0,0,0,0,-0.01,LLLLLLLLLL,LLLLL
662,2025/10/26 1:52,000,13.913,78.15,16.215,21.42,0,0,0,0,0,0,LLLLLLLLLL,LLLLL
663,2025/10/26 2:02,000,13.913,78.15,16.245,21.41,0.1,0,0,0,0,0,LLLLLLLLLL,LLLLL
664,2025/10/26 2:12,000,13.85,78.137,16.255,21.41,0,0,0,0,0,-0.01,LLLLLLLLLL,LLLLL
665,2025/10/26 2:22,000,13.981,78.194,16.25,21.45,0.1,0,-0.01,0,0,0,LLLLLLLLLL,LLLLL
666,2025/10/26 2:32,000,14.131,78.238,16.245,21.45,0,0,0,0,0,-0.01,LLLLLLLLLL,LLLLL
667,2025/10/26 2:42,000,14.225,78.25,16.245,21.45,0,0,0,0,0,0,LLLLLLLLLL,LLLLL
668,2025/10/26 2:52,000,14.306,78.219,16.255,21.45,0.1,0.01,0.01,0.01,0.01,0.01,LLLLLLLLLL,LLLLL
669,2025/10/26 3:02,000,14.356,78.081,16.25,21.45,0.1,0.01,0.01,0.01,0.01,0.01,LLLLLLLLLL,LLLLL
670,2025/10/26 3:12,000,14.394,78.1,16.25,21.45,0,0,0,0,0,0,LLLLLLLLLL,LLLLL
671,2025/10/26 3:22,000,14.444,78.044,16.255,21.45,0,0,0,0,0,0,LLLLLLLLLL,LLLLL
672,2025/10/26 3:32,000,14.469,77.988,16.25,21.45,0.2,0,0,-0.01,0,0,LLLLLLLLLL,LLLLL
673,2025/10/26 3:42,000,14.506,78.025,16.25,21.45,0.1,0,0,0,0,0,LLLLLLLLLL,LLLLL
674,2025/10/26 3:52,000,14.525,77.925,16.26,21.45,0,0.01,0.01,0.01,0.01,0.01,LLLLLLLLLL,LLLLL
675,2025/10/26 4:02,000,14.544,77.869,16.26,21.45,0,0.01,0.01,0.01,0.01,0.01,LLLLLLLLLL,LLLLL
676,2025/10/26 4:12,000,14.538,77.8,16.285,21.45,0,0,0,0,0,-0.01,LLLLLLLLLL,LLLLL
677,2025/10/26 4:22,000,14.506,77.763,16.335,21.45,0,-0.01,0,0,0,-0.01,LLLLLLLLLL,LLLLL
678,2025/10/26 4:32,000,14.506,77.794,16.335,21.45,0.1,0,0,0,-0.01,0,LLLLLLLLLL,LLLLL
679,2025/10/26 4:42,000,14.544,77.8,16.335,21.45,0,0,0,0,0,0,LLLLLLLLLL,LLLLL
680,2025/10/26 4:52,000,14.575,77.838,16.335,21.45,0.1,0,0,0,0,-0.01,LLLLLLLLLL,LLLLL
681,2025/10/26 5:02,000,14.6,77.794,16.335,21.45,0,0,0,0,0,0,LLLLLLLLLL,LLLLL
682,2025/10/26 5:12,000,14.619,77.7,16.335,21.45,0,0.01,0.01,0.01,0.01,0.01,LLLLLLLLLL,LLLLL
683,2025/10/26 5:22,000,14.619,77.737,16.335,21.45,0,0,0,-0.01,0,0,LLLLLLLLLL,LLLLL
684,2025/10/26 5:32,000,14.625,77.725,16.335,21.45,0,0,0,0,0,-0.01,LLLLLLLLLL,LLLLL
685,2025/10/26 5:42,000,14.637,77.706,16.335,21.45,0.1,-0.01,0,0,0,0,LLLLLLLLLL,LLLLL
686,2025/10/26 5:52,000,14.637,77.687,16.335,21.45,0.1,0.01,0.01,0.01,0.01,0.01,LLLLLLLLLL,LLLLL
687,2025/10/26 6:02,000,14.637,77.687,16.35,21.44,0.2,0.01,0.01,0.01,0.01,0.01,LLLLLLLLLL,LLLLL
688,2025/10/26 6:12,000,14.656,77.663,16.365,21.45,0.4,-0.01,0,0,-0.01,0,LLLLLLLLLL,LLLLL
689,2025/10/26 6:22,000,14.656,77.663,16.37,21.44,1.1,0.01,0.01,0.01,0.01,0.01,LLLLLLLLLL,LLLLL
690,2025/10/26 6:32,000,14.669,77.65,16.375,21.44,1.4,0,0,0,0,0,LLLLLLLLLL,LLLLL
691,2025/10/26 6:42,000,14.681,77.644,16.375,21.78,2.9,0,0,0,0,0,LLLLLLLLLL,LLLLL
692,2025/10/26 6:52,000,14.712,77.656,16.375,21.77,3.9,0,0.01,0.01,0.01,0.01,LLLLLLLLLL,LLLLL
693,2025/10/26 7:02,000,14.769,77.675,16.375,21.77,4.2,0.01,0.01,0.01,0.01,0,LLLLLLLLLL,LLLLL
694,2025/10/26 7:12,000,14.844,77.706,16.405,21.75,4.2,-0.01,0,0,0,0,LLLLLLLLLL,LLLLL
695,2025/10/26 7:22,000,14.944,77.725,16.415,21.74,5.2,-0.01,0,0,-0.01,0,LLLLLLLLLL,LLLLL
696,2025/10/26 7:32,000,15.056,77.756,16.455,21.77,7.5,0.01,0,0.01,0.01,0.01,LLLLLLLLLL,LLLLL
697,2025/10/26 7:42,000,15.169,77.775,16.465,21.72,7,-0.01,0,0,0,0,LLLLLLLLLL,LLLLL
698,2025/10/26 7:52,000,15.288,77.8,16.545,21.78,5.2,0.01,0,0.01,0.01,0.01,LLLLLLLLLL,LLLLL
699,2025/10/26 8:02,000,15.4,77.806,16.58,21.78,7,0,-0.01,0,0,0,LLLLLLLLLL,LLLLL
700,2025/10/26 8:12,000,15.506,77.812,16.615,21.78,7.4,0.01,0,0.01,0.01,0,LLLLLLLLLL,LLLLL
701,2025/10/26 8:22,000,15.288,78.075,16.635,21.78,10.2,0.01,0,0.01,0,0,LLLLLLLLLL,LLLLL
702,2025/10/26 8:32,000,15.25,78.394,16.665,21.78,12.1,0,0.01,0.01,0,0.01,LLLLLLLLLL,LLLLL
703,2025/10/26 8:42,000,15.356,78.463,16.755,22.02,11.5,0.01,0,0,0,0,LLLLLLLLLL,LLLLL
704,2025/10/26 8:52,000,15.462,78.475,16.82,22.02,12.1,0.01,0.01,0,0,0.01,LLLLLLLLLL,LLLLL
705,2025/10/26 9:02,000,15.531,78.475,16.865,22.02,7.9,0,0.01,0,0,0,LLLLLLLLLL,LLLLL
706,2025/10/26 9:12,000,15.594,78.513,16.905,22.02,16.4,0.01,0,0.01,0,0,LLLLLLLLLL,LLLLL
707,2025/10/26 9:22,000,15.719,78.475,16.99,22.03,11.9,0,0,0,0,0.01,LLLLLLLLLL,LLLLL
708,2025/10/26 9:32,000,15.8,78.412,17.065,22.03,21.2,0,0,0,0,0,LLLLLLLLLL,LLLLL
709,2025/10/26 9:42,000,15.937,78.35,17.11,22.03,12.1,0,0,0,0,0,LLLLLLLLLL,LLLLL
710,2025/10/26 9:52,000,15.994,78.175,17.195,22.03,17.4,0,0,0,0,0,LLLLLLLLLL,LLLLL
711,2025/10/26 10:02,000,16.175,78.181,17.27,22.04,16.5,0,0,0,0,0,LLLLLLLLLL,LLLLL
712,2025/10/26 10:12,000,16.4,78.094,17.355,22.03,19.5,0,0,0,0,0,LLLLLLLLLL,LLLLL
713,2025/10/26 10:22,000,16.644,78.031,17.435,22.04,28.3,0,0,0,0,0,LLLLLLLLLL,LLLLL
714,2025/10/26 10:32,000,16.975,77.769,17.555,22.07,32,0,0,0,0,0,LLLLLLLLLL,LLLLL
715,2025/10/26 10:42,000,17.344,77.537,17.67,22.44,16,0.01,0.01,0.01,0.01,0.01,LLLLLLLLLL,LLLLL
716,2025/10/26 10:52,000,17.413,77.263,17.72,22.45,31.5,0,0,0,0,0,LLLLLLLLLL,LLLLL
717,2025/10/26 11:02,000,17.669,77.375,17.865,22.46,34.4,0,0,0,0,0,LLLLLLLLLL,LLLLL
718,2025/10/26 11:12,000,18.113,77.231,18.005,22.46,30.5,0,0,0,0,0,LLLLLLLLLL,LLLLL
719,2025/10/26 11:22,000,18.375,76.831,18.125,22.46,31.5,-0.01,-0.01,0,0,-0.01,LLLLLLLLLL,LLLLL
720,2025/10/26 11:32,000,18.519,76.75,18.25,22.46,30,0,0.01,0,0.01,0.01,LLLLLLLLLL,LLLLL
721,2025/10/26 11:42,000,18.794,76.663,18.35,22.46,21.4,-0.01,0,-0.01,-0.01,-0.01,LLLLLLLLLL,LLLLL
722,2025/10/26 11:52,000,18.838,76.513,18.49,22.46,30.4,0,-0.01,0,-0.01,0,LLLLLLLLLL,LLLLL
723,2025/10/26 12:02,000,19.138,76.744,18.575,22.46,35.8,0,0,0.01,0,0,LLLLLLLLLL,LLLLL
724,2025/10/26 12:12,000,19.475,76.3,18.725,22.47,28,-0.01,-0.01,0,-0.01,-0.01,LLLLLLLLLL,LLLLL
725,2025/10/26 12:22,000,19.638,76.256,18.85,22.46,38.8,0,0,0,0,0,LLLLLLLLLL,LLLLL
726,2025/10/26 12:32,000,19.894,76.05,18.945,22.55,32.5,0,0,0,0,0,LLLLLLLLLL,LLLLL
727,2025/10/26 12:42,000,20.125,75.913,19.095,23.03,33.9,-0.01,-0.01,-0.01,-0.01,-0.01,LLLLLLLLLL,LLLLL
728,2025/10/26 12:52,000,20.312,75.744,19.24,23,44.2,0,0,0,0,0,LLLLLLLLLL,LLLLL
729,2025/10/26 13:02,000,20.444,75.319,19.365,23.03,27.6,0,0,0,0,0,LLLLLLLLLL,LLLLL
730,2025/10/26 13:12,000,20.125,75.131,19.485,23.03,25.5,0,0,0,0,0,LLLLLLLLLL,LLLLL
731,2025/10/26 13:22,000,19.737,75.263,19.54,23.03,18.9,0,0,0,0,0,LLLLLLLLLL,LLLLL
732,2025/10/26 13:32,000,19.413,75.556,19.645,23.02,21,0,0,0,0,0,LLLLLLLLLL,LLLLL
733,2025/10/26 13:42,000,19.231,75.744,19.695,23.02,25.2,-0.01,-0.01,-0.01,-0.01,-0.01,LLLLLLLLLL,LLLLL
734,2025/10/26 13:52,000,19.281,75.994,19.755,23.03,37.4,0,0,0,0,0,LLLLLLLLLL,LLLLL
735,2025/10/26 14:02,000,19.5,75.85,19.845,23.04,20.4,0,0,0,0,0,LLLLLLLLLL,LLLLL
736,2025/10/26 14:12,000,19.381,75.819,19.93,23.04,11.5,-0.01,-0.01,-0.01,-0.01,-0.01,LLLLLLLLLL,LLLLL
737,2025/10/26 14:22,000,19.062,75.919,19.97,23.06,16.8,0,0,0,0,0,LLLLLLLLLL,LLLLL
738,2025/10/26 14:32,000,18.806,76.012,20.01,23.04,8.8,-0.01,-0.01,-0.01,-0.01,-0.01,LLLLLLLLLL,LLLLL
739,2025/10/26 14:42,000,18.519,76.113,20.01,23.07,7,-0.01,-0.01,-0.01,-0.01,-0.01,LLLLLLLLLL,LLLLL
740,2025/10/26 14:52,000,18.2,76.275,20.01,23.06,8.5,0,0,0,0,0.01,LLLLLLLLLL,LLLLL
741,2025/10/26 15:02,000,17.944,76.45,20.075,23.06,7.1,0,0,0,0,0,LLLLLLLLLL,LLLLL
742,2025/10/26 15:12,000,17.713,76.638,20.08,23.07,5.2,0.01,0,0,0,0,LLLLLLLLLL,LLLLL
743,2025/10/26 15:22,000,17.513,76.788,20.01,23.05,5.1,0.01,0.01,0,0,0.01,LLLLLLLLLL,LLLLL
744,2025/10/26 15:32,000,17.394,76.95,20.005,23.08,7.8,0,0,-0.01,0,-0.01,LLLLLLLLLL,LLLLL
745,2025/10/26 15:42,000,17.313,77.006,20.005,23.08,7.1,0.01,0.01,0,0,0.01,LLLLLLLLLL,LLLLL
746,2025/10/26 15:52,000,17.2,77.031,20,23.05,7,0,-0.01,0,0,0,LLLLLLLLLL,LLLLL
747,2025/10/26 16:02,000,17.069,77.031,19.96,23.07,5.4,0,0,-0.01,0,0,LLLLLLLLLL,LLLLL
748,2025/10/26 16:12,000,16.919,77.025,19.96,23.05,3.1,0,0,0,0,0,LLLLLLLLLL,LLLLL
749,2025/10/26 16:22,000,16.812,77.188,19.92,23.05,2.1,0,0,-0.01,-0.01,0,LLLLLLLLLL,LLLLL
750,2025/10/26 16:32,000,16.756,77.325,19.875,23.02,1.5,0,0,0,0,0,LLLLLLLLLL,LLLLL
751,2025/10/26 16:42,000,16.713,77.456,19.875,23,1.2,0,0,0,0,0,LLLLLLLLLL,LLLLL
752,2025/10/26 16:52,000,16.625,77.537,19.79,23,0.5,0.01,0.01,0.01,0.01,0.01,LLLLLLLLLL,LLLLL
753,2025/10/26 17:02,000,16.55,77.625,19.755,23,0.2,0.01,0.01,0.01,0,0.01,LLLLLLLLLL,LLLLL
754,2025/10/26 17:12,000,16.506,77.794,19.72,23,0.1,-0.01,0,0,0,0,LLLLLLLLLL,LLLLL
755,2025/10/26 17:22,000,16.469,77.888,19.71,23,0,0,0,0,0,0,LLLLLLLLLL,LLLLL
756,2025/10/26 17:32,000,16.431,77.963,19.675,22.99,0,0,0,0,0,0,LLLLLLLLLL,LLLLL
757,2025/10/26 17:42,000,16.381,78.056,19.64,23,0,0,0,0,0,0,LLLLLLLLLL,LLLLL
758,2025/10/26 17:52,000,16.35,78.106,19.555,22.99,0.1,0,0,0,0,0,LLLLLLLLLL,LLLLL
759,2025/10/26 18:02,000,16.256,78.125,19.555,22.99,0.1,-0.01,-0.01,-0.01,-0.01,-0.01,LLLLLLLLLL,LLLLL
760,2025/10/26 18:12,000,16.275,78.244,19.515,23,0,-0.01,-0.01,-0.01,-0.01,-0.01,LLLLLLLLLL,LLLLL
761,2025/10/26 18:22,000,16.275,78.287,19.48,22.99,0.1,0,0,0,0,0,LLLLLLLLLL,LLLLL
762,2025/10/26 18:32,000,16.244,78.319,19.435,22.98,0,0,0,0,0,0,LLLLLLLLLL,LLLLL
763,2025/10/26 18:42,000,16.25,78.412,19.435,22.95,0.1,0,0,0,0,0,LLLLLLLLLL,LLLLL
764,2025/10/26 18:52,000,16.244,78.469,19.36,22.91,0,-0.01,-0.01,-0.01,-0.01,-0.01,LLLLLLLLLL,LLLLL
765,2025/10/26 19:02,000,16.231,78.506,19.355,22.89,0,0.01,0.01,0.01,0.01,0.01,LLLLLLLLLL,LLLLL
766,2025/10/26 19:12,000,16.219,78.537,19.315,22.88,0.1,0,0,0,0,0,LLLLLLLLLL,LLLLL
767,2025/10/26 19:22,000,16.225,78.55,19.275,22.87,0.1,0,0,0,0,0,LLLLLLLLLL,LLLLL
768,2025/10/26 19:32,000,16.219,78.581,19.275,22.85,0,0,0,0,0,0,LLLLLLLLLL,LLLLL
769,2025/10/26 19:42,000,16.225,78.6,19.27,22.82,0.1,-0.01,-0.01,-0.01,-0.01,-0.01,LLLLLLLLLL,LLLLL
770,2025/10/26 19:52,000,16.219,78.625,19.235,22.83,0.1,0,0,0,0,0,LLLLLLLLLL,LLLLL
771,2025/10/26 20:02,000,16.206,78.631,19.235,22.82,0,0,0,0,0,0,LLLLLLLLLL,LLLLL
772,2025/10/26 20:12,000,16.188,78.638,19.155,22.82,0,-0.01,-0.01,-0.01,-0.01,-0.01,LLLLLLLLLL,LLLLL
773,2025/10/26 20:22,000,16.188,78.656,19.155,22.83,0.1,-0.01,-0.01,-0.01,-0.01,-0.01,LLLLLLLLLL,LLLLL
774,2025/10/26 20:32,000,16.188,78.663,19.115,22.82,0.1,0,0,0,0,0,LLLLLLLLLL,LLLLL
775,2025/10/26 20:42,000,16.156,78.65,19.115,22.83,0.1,0,0,0,0,0,LLLLLLLLLL,LLLLL
776,2025/10/26 20:52,000,16.119,78.65,19.09,22.82,0.1,0,0,0,0,0,LLLLLLLLLL,LLLLL
777,2025/10/26 21:02,000,16.125,78.65,19.075,22.83,0.1,0,0,0,0,0,LLLLLLLLLL,LLLLL
778,2025/10/26 21:12,000,16.144,78.656,19.08,22.84,0.1,0,0,0,0,0,LLLLLLLLLL,LLLLL
779,2025/10/26 21:22,000,16.15,78.656,19.03,22.82,0,0,0,0,0,0,LLLLLLLLLL,LLLLL
780,2025/10/26 21:32,000,16.169,78.663,19.03,22.83,0.1,0,0,0,0,0,LLLLLLLLLL,LLLLL
781,2025/10/26 21:42,000,16.169,78.663,19.03,22.83,0.1,0,0,0,0,0,LLLLLLLLLL,LLLLL
782,2025/10/26 21:52,000,16.156,78.663,18.96,22.82,0.1,0,0,0,0,0,LLLLLLLLLL,LLLLL
783,2025/10/26 22:02,000,16.15,78.656,18.95,22.82,0.1,0,0,0,0,0,LLLLLLLLLL,LLLLL
784,2025/10/26 22:12,000,16.15,78.656,18.95,22.78,0,0,0,0,0,0,LLLLLLLLLL,LLLLL
785,2025/10/26 22:22,000,16.119,78.65,18.94,22.8,0.1,0,0,0,0,0,LLLLLLLLLL,LLLLL
786,2025/10/26 22:32,000,16.106,78.644,18.91,22.8,0,0,0,0,0,0,LLLLLLLLLL,LLLLL
787,2025/10/26 22:42,000,16.113,78.644,18.91,22.81,0.1,0,0,0,0,0,LLLLLLLLLL,LLLLL
788,2025/10/26 22:52,000,16.113,78.65,18.91,22.82,0.1,0,0,0,0,0,LLLLLLLLLL,LLLLL
789,2025/10/26 23:02,000,16.1,78.644,18.88,22.77,0,0,0,0,0,0,LLLLLLLLLL,LLLLL
790,2025/10/26 23:12,000,16.113,78.65,18.875,22.76,0,-0.01,-0.01,-0.01,-0.01,-0.01,LLLLLLLLLL,LLLLL
791,2025/10/26 23:22,000,16.113,78.65,18.875,22.75,0.1,0.01,0.01,0.01,0.01,0.01,LLLLLLLLLL,LLLLL
792,2025/10/26 23:32,000,16.113,78.65,18.875,22.76,0,0,0,0,0,0,LLLLLLLLLL,LLLLL
793,2025/10/26 23:42,000,16.081,78.638,18.85,22.75,0,0,0,0,0,0,LLLLLLLLLL,LLLLL
794,2025/10/26 23:52,000,16,78.631,18.835,22.76,0,0,0,0,0,0,LLLLLLLLLL,LLLLL
795,2025/10/27 0:02,000,15.756,78.588,18.83,22.75,0.1,0,0,0,0,0,LLLLLLLLLL,LLLLL
796,2025/10/27 0:12,000,15.662,78.556,18.75,22.75,0.1,0,0,0,0,0,LLLLLLLLLL,LLLLL
797,2025/10/27 0:22,000,15.644,78.55,18.755,22.75,0.1,0,0,0,0,0,LLLLLLLLLL,LLLLL
798,2025/10/27 0:32,000,15.506,78.537,18.71,22.75,0.1,0,0,0,0,0,LLLLLLLLLL,LLLLL
799,2025/10/27 0:42,000,15.331,78.5,18.67,22.74,0.1,-0.01,-0.01,-0.01,-0.01,-0.01,LLLLLLLLLL,LLLLL
800,2025/10/27 0:52,000,15.213,78.475,18.63,22.73,0,0.01,0,0,0,0,LLLLLLLLLL,LLLLL
801,2025/10/27 1:02,000,15.181,78.456,18.58,22.74,0.1,-0.01,-0.01,-0.01,-0.01,-0.01,LLLLLLLLLL,LLLLL
802,2025/10/27 1:12,000,15.125,78.45,18.55,22.75,0,0.01,0,0,0,0,LLLLLLLLLL,LLLLL
803,2025/10/27 1:22,000,15.075,78.437,18.51,22.74,0,0,0,0,0,0,LLLLLLLLLL,LLLLL
804,2025/10/27 1:32,000,15.031,78.425,18.47,22.75,0.1,-0.01,-0.01,-0.01,-0.01,0,LLLLLLLLLL,LLLLL
805,2025/10/27 1:42,000,14.862,78.381,18.43,22.73,0.1,0,0.01,0,0,0,LLLLLLLLLL,LLLLL
806,2025/10/27 1:52,000,14.756,78.356,18.345,22.74,0,-0.01,-0.01,-0.01,-0.01,-0.01,LLLLLLLLLL,LLLLL
807,2025/10/27 2:02,000,14.669,78.331,18.295,22.7,0,-0.01,-0.01,-0.01,-0.01,-0.01,LLLLLLLLLL,LLLLL
808,2025/10/27 2:12,000,14.637,78.319,18.235,22.7,0.1,0,0,0,-0.01,0,LLLLLLLLLL,LLLLL
809,2025/10/27 2:22,000,14.775,78.375,18.185,22.74,0.1,-0.01,-0.01,-0.01,0,-0.01,LLLLLLLLLL,LLLLL
810,2025/10/27 2:32,000,14.881,78.419,18.185,22.7,0,0,0,0,0,0,LLLLLLLLLL,LLLLL
811,2025/10/27 2:42,000,14.956,78.369,18.105,22.73,0.1,0.01,0,0,0,0,LLLLLLLLLL,LLLLL
812,2025/10/27 2:52,000,14.988,78.25,18.07,22.7,0,-0.01,-0.01,-0.01,-0.01,-0.01,LLLLLLLLLL,LLLLL
813,2025/10/27 3:02,000,15,78.15,18.06,22.71,0,-0.01,-0.01,0,-0.01,-0.01,LLLLLLLLLL,LLLLL
814,2025/10/27 3:12,000,15.044,78.106,18.025,22.7,0,0.01,0,0.01,0.01,0,LLLLLLLLLL,LLLLL
815,2025/10/27 3:22,000,15.1,78.137,17.985,22.65,0,0,-0.01,0,-0.01,-0.01,LLLLLLLLLL,LLLLL
816,2025/10/27 3:32,000,15.206,78.212,17.985,22.66,0.1,0,0,0,0,0,LLLLLLLLLL,LLLLL
817,2025/10/27 3:42,000,15.312,78.231,17.97,22.67,0,0.01,0,0,0,0,LLLLLLLLLL,LLLLL
818,2025/10/27 3:52,000,15.431,78.212,17.915,22.66,0,0,0,0,0,0,LLLLLLLLLL,LLLLL
819,2025/10/27 4:02,000,15.531,78.181,17.91,22.67,0,0,0,0,0,0,LLLLLLLLLL,LLLLL
820,2025/10/27 4:12,000,15.638,78.175,17.905,22.65,0,0,0,0,0,0,LLLLLLLLLL,LLLLL
821,2025/10/27 4:22,000,15.731,78.125,17.91,22.66,0,0,0,0,0,0,LLLLLLLLLL,LLLLL
822,2025/10/27 4:32,000,15.806,78.113,17.91,22.67,0.1,-0.01,-0.01,-0.01,0,-0.01,LLLLLLLLLL,LLLLL
823,2025/10/27 4:42,000,15.85,78.094,17.91,22.66,-0.2,0,0,0,0.01,0,LLLLLLLLLL,LLLLL
824,2025/10/27 4:52,000,15.894,78.025,17.91,22.67,0,0,0,0,0,0,LLLLLLLLLL,LLLLL
825,2025/10/27 5:02,000,15.888,77.975,17.91,22.66,0.1,0,0,0,0,0,LLLLLLLLLL,LLLLL
826,2025/10/27 5:12,000,15.881,77.95,17.91,22.67,0.1,-0.01,-0.01,-0.01,-0.01,-0.01,LLLLLLLLLL,LLLLL
827,2025/10/27 5:22,000,15.881,77.913,17.91,22.67,0.1,0,0,0,0,0,LLLLLLLLLL,LLLLL
828,2025/10/27 5:32,000,15.875,77.875,17.91,22.66,0,-0.01,-0.01,0,-0.01,-0.01,LLLLLLLLLL,LLLLL
829,2025/10/27 5:42,000,15.812,77.788,17.905,22.66,0.2,-0.01,-0.01,-0.01,-0.01,-0.01,LLLLLLLLLL,LLLLL
830,2025/10/27 5:52,000,15.806,77.788,17.87,22.67,0.5,0,0,0,0,0,LLLLLLLLLL,LLLLL
831,2025/10/27 6:02,000,15.706,77.656,17.865,22.66,1.4,0,0,0,0,0,LLLLLLLLLL,LLLLL
832,2025/10/27 6:12,000,15.581,77.569,17.825,22.66,2.6,-0.01,-0.01,-0.01,-0.01,-0.01,LLLLLLLLLL,LLLLL
833,2025/10/27 6:22,000,15.369,77.394,17.825,22.64,4.4,0,0,0,0,0,LLLLLLLLLL,LLLLL
834,2025/10/27 6:32,000,15.344,77.506,17.78,22.64,5.8,-0.01,-0.01,0,-0.01,-0.01,LLLLLLLLLL,LLLLL
835,2025/10/27 6:42,000,15.3,77.531,17.785,23.09,6.2,0,0,0,0,0,LLLLLLLLLL,LLLLL
836,2025/10/27 6:52,000,15.388,77.687,17.785,23.06,14.6,0.01,0,0,0,0,LLLLLLLLLL,LLLLL
837,2025/10/27 7:02,000,15.594,77.869,17.805,23.08,25.5,0,0,0,0,0.01,LLLLLLLLLL,LLLLL
838,2025/10/27 7:12,000,15.994,78.281,17.915,23.08,24.5,0,0,0,0,0,LLLLLLLLLL,LLLLL
839,2025/10/27 7:22,000,16.638,78.913,18.07,23.1,53.5,0,0,0,0,0,LLLLLLLLLL,LLLLL
840,2025/10/27 7:32,000,17.625,79.137,18.31,23.17,38.2,0,0,0,0,0,LLLLLLLLLL,LLLLL
841,2025/10/27 7:42,000,18.562,79.331,18.515,23.16,28.9,0,0,-0.01,-0.01,-0.01,LLLLLLLLLL,LLLLL
842,2025/10/27 7:52,000,19.594,79.569,18.775,23.31,67.9,-0.01,-0.01,-0.01,0,-0.01,LLLLLLLLLL,LLLLL
843,2025/10/27 8:02,000,20.794,79.9,19.205,23.33,80,0,0,0,0,0,LLLLLLLLLL,LLLLL
844,2025/10/27 8:12,000,21.781,79.313,19.6,23.25,24.2,0,-0.01,-0.01,-0.01,-0.01,LLLLLLLLLL,LLLLL
845,2025/10/27 8:22,000,22.138,75.863,19.745,23.29,17.6,0,0,0,0,0,LLLLLLLLLL,LLLLL
846,2025/10/27 8:32,000,21.838,74.769,19.79,23.32,22.6,0,0,0,0,0,LLLLLLLLLL,LLLLL
847,2025/10/27 8:42,000,21.088,74.75,19.83,23.93,35.6,-0.01,-0.01,-0.01,-0.01,-0.01,LLLLLLLLLL,LLLLL
848,2025/10/27 8:52,000,20.844,74.625,19.94,23.92,36,-0.01,0,-0.01,-0.01,-0.01,LLLLLLLLLL,LLLLL
849,2025/10/27 9:02,000,20.85,74.544,20.03,23.93,44.2,-0.01,0,-0.01,-0.01,-0.01,LLLLLLLLLL,LLLLL
850,2025/10/27 9:12,000,21.163,74.344,20.19,23.94,37.2,0,0,0.01,0,0,LLLLLLLLLL,LLLLL
851,2025/10/27 9:22,000,21.175,74.119,20.315,23.93,34.9,0,0,0,0,0,LLLLLLLLLL,LLLLL
852,2025/10/27 9:32,000,21.263,74.213,20.385,23.93,52.8,0,0,-0.01,0,-0.01,LLLLLLLLLL,LLLLL
853,2025/10/27 9:42,000,21.55,73.519,20.535,23.93,38.1,0,0,0,0,-0.01,LLLLLLLLLL,LLLLL
854,2025/10/27 9:52,000,21.712,73.344,20.63,23.92,33.1,0,0,0,0.01,0.01,LLLLLLLLLL,LLLLL
855,2025/10/27 10:02,000,21.756,73.494,20.75,23.94,58.8,0,0.01,0.01,0.01,0.01,LLLLLLLLLL,LLLLL
856,2025/10/27 10:12,000,22.244,73.069,20.92,23.94,89.8,0,0,0,0,0,LLLLLLLLLL,LLLLL
857,2025/10/27 10:22,000,22.975,72.3,21.085,24.03,49.9,0,0.01,0,0,0,LLLLLLLLLL,LLLLL
858,2025/10/27 10:32,000,22.925,64.625,21.215,24.03,35.6,0,0,0,0,0,LLLLLLLLLL,LLLLL
859,2025/10/27 10:42,000,22.581,64.687,21.28,24.89,36.1,0,0,0,0.01,0,LLLLLLLLLL,LLLLL
860,2025/10/27 10:52,000,22.256,64.744,21.385,24.91,29.2,0,0,0.01,0.01,0,LLLLLLLLLL,LLLLL
861,2025/10/27 11:02,000,21.95,64.787,21.435,24.89,25.8,-0.01,-0.01,-0.01,-0.01,-0.01,LLLLLLLLLL,LLLLL
862,2025/10/27 11:12,000,21.712,64.85,21.475,24.9,30.6,0,-0.01,-0.01,0,0,LLLLLLLLLL,LLLLL
863,2025/10/27 11:22,000,21.725,64.794,21.585,24.89,35,0,-0.01,-0.01,-0.01,-0.01,LLLLLLLLLL,LLLLL
864,2025/10/27 11:32,000,21.875,64.713,21.645,24.86,50.6,0,0,0,0,0,LLLLLLLLLL,LLLLL
865,2025/10/27 11:42,000,22.312,64.65,21.755,24.9,64,-0.01,0,-0.01,0,-0.01,LLLLLLLLLL,LLLLL
866,2025/10/27 11:52,000,23.106,64.494,21.88,24.91,41.4,-0.01,-0.01,-0.01,-0.01,-0.01,LLLLLLLLLL,LLLLL
867,2025/10/27 12:02,000,23.069,64.362,22.025,24.9,38,-0.01,-0.01,-0.01,-0.01,-0.01,LLLLLLLLLL,LLLLL
868,2025/10/27 12:12,000,22.9,64.419,22.08,24.88,61.1,0,0,0,0,0,LLLLLLLLLL,LLLLL
869,2025/10/27 12:22,000,23.156,64.15,22.21,24.91,74.5,0,0,0,0,0,LLLLLLLLLL,LLLLL
870,2025/10/27 12:32,000,23.994,63.55,22.37,24.94,82.9,0,0,0,0,0,LLLLLLLLLL,LLLLL
871,2025/10/27 12:42,000,24.3,62.888,22.49,26.05,49.5,0,0,0,0,0,LLLLLLLLLL,LLLLL
872,2025/10/27 12:52,000,24.144,63.1,22.535,26.05,66.1,0,0,0,0,0,LLLLLLLLLL,LLLLL
873,2025/10/27 13:02,000,24.388,62.675,22.685,26.05,35.8,0,0,0,0,0,LLLLLLLLLL,LLLLL
874,2025/10/27 13:12,000,24.156,62.5,22.74,25.99,55.8,0,0,0,0,0,LLLLLLLLLL,LLLLL
875,2025/10/27 13:22,000,24.437,62.138,22.855,26.05,65.8,0,0,0,0,0,LLLLLLLLLL,LLLLL
876,2025/10/27 13:32,000,24.612,62.181,22.935,25.99,127.4,0,0,0,0,0,LLLLLLLLLL,LLLLL
877,2025/10/27 13:42,000,24.906,61.638,23.055,25.97,45.5,0.01,0,0.01,0.01,0.01,LLLLLLLLLL,LLLLL
878,2025/10/27 13:52,000,24.15,62.613,23.095,25.97,48.2,0.01,0.01,0,0.01,0.01,LLLLLLLLLL,LLLLL
879,2025/10/27 14:02,000,23.812,63.025,23.13,25.86,59.4,0,0,0,0,0,LLLLLLLLLL,LLLLL
880,2025/10/27 14:12,000,23.7,63.019,23.22,25.81,49.6,0,0,0,0,0,LLLLLLLLLL,LLLLL
881,2025/10/27 14:22,000,23.013,63.331,23.245,25.8,121.9,0,0,0,0,0,LLLLLLLLLL,LLLLL
882,2025/10/27 14:32,000,23.375,62.906,23.255,25.81,125.5,0,0,0,0,0,LLLLLLLLLL,LLLLL
883,2025/10/27 14:42,000,24.513,62.175,23.33,25.81,74.1,0,0,0,0,0,LLLLLLLLLL,LLLLL
884,2025/10/27 14:52,000,25.663,59.706,23.495,25.81,93.9,0.01,0.01,0.01,0.01,0,LLLLLLLLLL,LLLLL
885,2025/10/27 15:02,000,26.306,58.431,23.635,25.82,89.8,0,0,0,0,0,LLLLLLLLLL,LLLLL
886,2025/10/27 15:12,000,25.9,58.106,23.74,25.77,53.5,0,0,0,0,0,LLLLLLLLLL,LLLLL
887,2025/10/27 15:22,000,25.112,60.581,23.82,25.75,110.4,0,0,0,0,0,LLLLLLLLLL,LLLLL
888,2025/10/27 15:32,000,25.312,60.119,23.855,25.76,85.2,-0.01,-0.01,-0.01,-0.01,-0.01,LLLLLLLLLL,LLLLL
889,2025/10/27 15:42,000,25.213,61.525,23.905,25.73,15.6,-0.01,-0.01,-0.01,-0.01,-0.01,LLLLLLLLLL,LLLLL
890,2025/10/27 15:52,000,23.781,62.662,23.855,25.67,17,0,0,0,0,0,LLLLLLLLLL,LLLLL
891,2025/10/27 16:02,000,22.844,63.969,23.805,25.68,14.6,0.01,0,0.01,0.01,0,LLLLLLLLLL,LLLLL
892,2025/10/27 16:12,000,22.031,64.606,23.725,25.62,10.8,0,-0.01,0,0,0,LLLLLLLLLL,LLLLL
893,2025/10/27 16:22,000,21.15,65.025,23.66,25.56,7,0,0,0,0,0,LLLLLLLLLL,LLLLL
